"user_id","question_index","answered_at"
"7388700051",2,"2025-10-25 07:00:04.935165+00"
"7388700051",0,"2025-10-25 07:00:59.148248+00"
"7388700051",1,"2025-10-25 07:01:13.230957+00"
"7897386358",1,"2025-10-25 07:14:38.994018+00"
"7897386358",0,"2025-10-25 07:14:54.784806+00"
"7897386358",2,"2025-10-25 07:15:01.874228+00"
"823966562",1,"2025-10-25 19:54:19.478491+00"
"823966562",2,"2025-10-25 19:54:32.027224+00"
"823966562",0,"2025-10-25 19:54:51.319932+00"
"7057819116",1,"2025-10-25 19:55:05.192735+00"
"7439766390",0,"2025-10-25 19:55:14.503087+00"
"7439766390",2,"2025-10-25 19:55:25.340271+00"
"7057819116",0,"2025-10-25 19:55:29.220896+00"
"442993299",1,"2025-10-25 19:55:32.545406+00"
"6557982583",2,"2025-10-25 19:55:37.663094+00"
"5647903240",2,"2025-10-25 19:55:42.607431+00"
"7057819116",2,"2025-10-25 19:55:42.854023+00"
"442993299",0,"2025-10-25 19:55:48.064886+00"
"442993299",2,"2025-10-25 19:55:57.507854+00"
"5647903240",1,"2025-10-25 19:55:58.996106+00"
"5647903240",0,"2025-10-25 19:56:09.684875+00"
"6557982583",0,"2025-10-25 19:56:10.333527+00"
"571568870",1,"2025-10-25 19:56:19.55142+00"
"7919972001",0,"2025-10-25 19:56:21.80034+00"
"6557982583",1,"2025-10-25 19:56:23.029193+00"
"7919972001",1,"2025-10-25 19:56:26.622912+00"
"571568870",2,"2025-10-25 19:56:28.364867+00"
"7919972001",2,"2025-10-25 19:56:30.502268+00"
"8496437530",0,"2025-10-25 19:56:45.882711+00"
"571568870",0,"2025-10-25 19:56:46.43232+00"
"8496437530",2,"2025-10-25 19:56:50.852228+00"
"8496437530",1,"2025-10-25 19:56:56.881698+00"
"7758177630",1,"2025-10-25 19:58:12.604445+00"
"7758177630",0,"2025-10-25 19:58:17.463857+00"
"7758177630",2,"2025-10-25 19:58:21.386333+00"
"5010994956",0,"2025-10-25 19:58:34.250699+00"
"7032013638",2,"2025-10-25 19:58:38.994755+00"
"7032013638",1,"2025-10-25 19:58:50.630297+00"
"957328380",1,"2025-10-25 19:58:51.042324+00"
"5010994956",1,"2025-10-25 19:58:54.480513+00"
"7032013638",0,"2025-10-25 19:59:03.988629+00"
"5010994956",2,"2025-10-25 19:59:05.253566+00"
"957328380",0,"2025-10-25 19:59:49.530831+00"
"957328380",2,"2025-10-25 19:59:55.478275+00"
"5873910627",1,"2025-10-25 20:00:40.775515+00"
"5873910627",2,"2025-10-25 20:00:47.981804+00"
"5873910627",0,"2025-10-25 20:00:59.934311+00"
"7212450335",0,"2025-10-25 20:01:16.864933+00"
"7212450335",1,"2025-10-25 20:01:26.648118+00"
"7212450335",2,"2025-10-25 20:01:33.351567+00"
"8356500314",0,"2025-10-25 20:43:38.853161+00"
"8356500314",1,"2025-10-25 20:43:52.541145+00"
"6564702883",0,"2025-10-26 02:54:55.383814+00"
"6564702883",2,"2025-10-26 02:55:06.029534+00"
"6564702883",1,"2025-10-26 02:55:19.600015+00"
"7168297608",2,"2025-10-26 03:07:41.57421+00"
"7168297608",0,"2025-10-26 03:07:54.356402+00"
"7168297608",1,"2025-10-26 03:08:06.485017+00"
"8132883465",0,"2025-10-26 04:00:31.986292+00"
"8132883465",1,"2025-10-26 04:00:43.859859+00"
"8132883465",2,"2025-10-26 04:01:01.24411+00"
"6882554473",0,"2025-10-26 04:19:54.321919+00"
"6882554473",1,"2025-10-26 04:20:32.329566+00"
"6882554473",2,"2025-10-26 04:20:47.75093+00"
"5014292785",2,"2025-10-26 05:09:46.202825+00"
"5014292785",1,"2025-10-26 05:09:56.110138+00"
"5014292785",0,"2025-10-26 05:10:06.541192+00"
"1024532559",2,"2025-10-26 06:36:13.094896+00"
"1024532559",1,"2025-10-26 06:37:37.833406+00"
"1024532559",0,"2025-10-26 06:37:47.070126+00"
"7714483567",1,"2025-10-26 07:46:40.403502+00"
"7714483567",2,"2025-10-26 07:46:59.810004+00"
"7714483567",0,"2025-10-26 07:47:11.892328+00"
"657241914",1,"2025-10-26 08:25:40.918026+00"
"657241914",0,"2025-10-26 08:26:02.407496+00"
"657241914",2,"2025-10-26 08:26:12.774073+00"
"1131741322",2,"2025-10-26 09:23:54.319874+00"
"855012860",1,"2025-10-26 10:29:47.858331+00"
"855012860",0,"2025-10-26 10:30:09.73692+00"
"579014332",0,"2025-10-26 10:41:25.748635+00"
"579014332",1,"2025-10-26 10:41:35.430519+00"
"579014332",2,"2025-10-26 10:41:46.965798+00"
"8487387358",0,"2025-10-26 10:43:00.371277+00"
"8487387358",2,"2025-10-26 10:43:06.718211+00"
"8487387358",1,"2025-10-26 10:43:11.221248+00"
"6999814323",0,"2025-10-26 10:57:09.174079+00"
"6999814323",1,"2025-10-26 10:57:19.734934+00"
"6999814323",2,"2025-10-26 10:57:54.717409+00"
"6634362515",2,"2025-10-26 11:10:43.489529+00"
"6634362515",1,"2025-10-26 11:10:52.129965+00"
"6634362515",0,"2025-10-26 11:11:01.765569+00"
"6971854380",2,"2025-10-26 11:17:38.54815+00"
"6971854380",1,"2025-10-26 11:17:48.998648+00"
"6757711595",0,"2025-10-26 12:05:42.655267+00"
"6757711595",2,"2025-10-26 12:05:53.062949+00"
"6757711595",1,"2025-10-26 12:06:21.145863+00"
"1495445327",2,"2025-10-26 12:50:39.157586+00"
"1495445327",0,"2025-10-26 12:50:51.41229+00"
"1495445327",1,"2025-10-26 12:50:59.644419+00"
"1940613654",0,"2025-10-26 13:20:37.017259+00"
"1940613654",2,"2025-10-26 13:20:47.844976+00"
"1940613654",1,"2025-10-26 13:20:58.749366+00"
"977600260",1,"2025-10-26 13:28:51.482551+00"
"977600260",2,"2025-10-26 13:29:02.579995+00"
"977600260",0,"2025-10-26 13:29:24.564074+00"
"6499363352",2,"2025-10-26 14:18:04.324281+00"
"6499363352",1,"2025-10-26 14:18:17.671878+00"
"6499363352",0,"2025-10-26 14:48:22.64976+00"
"6142542468",0,"2025-10-26 14:48:41.27286+00"
"6142542468",2,"2025-10-26 14:48:46.51827+00"
"6142542468",1,"2025-10-26 14:48:52.508786+00"
"5095946794",0,"2025-10-26 15:16:45.567108+00"
"5095946794",2,"2025-10-26 15:16:56.947958+00"
"5095946794",1,"2025-10-26 15:17:08.904052+00"
"6574632326",2,"2025-10-26 15:58:27.978789+00"
"6574632326",0,"2025-10-26 15:58:48.2467+00"
"6574632326",1,"2025-10-26 15:59:03.628017+00"
"6845670680",0,"2025-10-26 16:51:37.347562+00"
"8242374083",0,"2025-10-26 16:52:20.711737+00"
"6845670680",2,"2025-10-26 16:53:36.597288+00"
"6845670680",1,"2025-10-26 16:53:46.342453+00"
"6000189961",1,"2025-10-26 16:59:48.441963+00"
"6000189961",0,"2025-10-26 16:59:53.277949+00"
"6000189961",2,"2025-10-26 16:59:59.046648+00"
"928192957",0,"2025-10-26 20:58:17.66176+00"
"928192957",2,"2025-10-26 20:58:29.111088+00"
"928192957",1,"2025-10-26 20:58:39.415257+00"
"7239777085",0,"2025-10-26 21:05:02.679593+00"
"7239777085",2,"2025-10-26 21:05:15.471764+00"
"7239777085",1,"2025-10-26 21:05:32.913277+00"
"7058670155",0,"2025-10-27 01:00:57.902882+00"
"7058670155",2,"2025-10-27 01:01:10.337371+00"
"7058670155",1,"2025-10-27 01:01:22.907952+00"
"8173425852",2,"2025-10-27 06:38:50.551368+00"
"8173425852",0,"2025-10-27 06:39:01.049618+00"
"8173425852",1,"2025-10-27 06:39:12.217559+00"
"1022432112",1,"2025-10-27 08:30:51.571383+00"
"1022432112",0,"2025-10-27 08:31:10.881847+00"
"1022432112",2,"2025-10-27 08:31:19.157445+00"
"5980863479",0,"2025-10-27 08:32:45.032354+00"
"5980863479",1,"2025-10-27 08:32:57.290641+00"
"5980863479",2,"2025-10-27 08:33:09.994033+00"
