"user_id","game_points"
"7897386358",20
"7388700051",50
"7057819116",5
"442993299",5
"5647903240",10
"6557982583",10
"571568870",5
"7919972001",15
"8496437530",15
"7758177630",15
"7032013638",5
"5010994956",5
"957328380",15
"5873910627",10
"7212450335",15
"7168297608",10
"8132883465",10
"7714483567",110
"657241914",10
"1131741322",5
"855012860",10
"579014332",5
"6999814323",10
"6634362515",5
"6971854380",5
"5014292785",110
"8487387358",115
"6757711595",10
"1495445327",10
"1940613654",15
"6499363352",110
"6142542468",115
"5095946794",110
"6845670680",10
"2006066219",100
"6000189961",10
"928192957",5
"7239777085",10
"7058670155",10
"8173425852",5
"5980863479",10
