"follower_id","following_id","created_at"
"609821453","7578356794","2025-11-30 21:42:12.852106+00"
"712935913","6504427565","2025-11-14 17:29:29.811143+00"
"8487387358","5014292785","2025-10-23 07:18:05.554432+00"
"1164335213","5014292785","2025-10-23 07:18:32.047089+00"
"5713614056","6634362515","2025-10-23 09:22:47.298696+00"
"386675805","5918213267","2025-11-14 18:28:55.166029+00"
"7082501025","7501176620","2025-11-14 19:35:08.646843+00"
"6692034060","7032013638","2025-10-23 20:47:15.412766+00"
"7032013638","6634362515","2025-10-24 05:18:18.260599+00"
"1712195775","7347324010","2025-10-24 07:30:16.573838+00"
"1712195775","5647903240","2025-10-24 07:31:58.298492+00"
"7205880436","2134524585","2025-10-24 09:42:36.353767+00"
"6634362515","1712195775","2025-10-24 11:16:12.790771+00"
"6206984436","5014292785","2025-10-24 11:53:31.558939+00"
"7205880436","6634362515","2025-10-24 14:06:40.853824+00"
"6732525211","1201453400","2025-10-24 14:32:10.196344+00"
"7637941482","8132883465","2025-11-15 04:23:56.805161+00"
"8471233877","1262583715","2025-12-02 15:05:21.0252+00"
"8178595410","1011663493","2025-10-24 17:00:43.829761+00"
"6930563706","5183845073","2025-11-15 06:48:10.294806+00"
"6937752499","1426071886","2025-12-03 02:38:31.275278+00"
"5531789930","1305273494","2025-12-03 07:41:37.501319+00"
"1461603069","1940613654","2025-10-24 19:38:58.116151+00"
"5009377468","1902369376","2025-12-04 09:51:32.338578+00"
"468614391","1263821322","2025-12-04 10:43:44.628278+00"
"5210247792","657241914","2025-10-26 12:02:32.302668+00"
"5014292785","6634362515","2025-10-26 12:44:29.513556+00"
"5014292785","6499363352","2025-10-26 12:45:01.084972+00"
"1461603069","6233075737","2025-12-04 13:35:23.862851+00"
"6634362515","5014292785","2025-10-26 13:39:09.090459+00"
"1213489463","855984276","2025-10-26 13:46:01.249533+00"
"7344878929","977600260","2025-10-26 17:07:48.095343+00"
"6695161004","1875815535","2025-12-04 19:02:54.599828+00"
"1940613654","5713614056","2025-10-26 18:02:23.934504+00"
"7598919025","6634362515","2025-10-26 18:42:52.892+00"
"1933860968","1241455590","2025-12-05 07:58:16.253829+00"
"1199955771","1053241387","2025-10-27 19:47:11.726863+00"
"8395067596","8132883465","2025-12-06 17:30:52.133818+00"
"7144809772","8407359796","2025-10-28 13:27:25.918723+00"
"1043198337","5405848539","2025-10-28 20:08:33.692576+00"
"1076145510","7191029735","2025-10-28 22:52:34.469205+00"
"6499363352","5014292785","2025-10-29 10:44:12.646465+00"
"8425643190","1164335213","2025-10-29 13:38:49.428563+00"
"640810721","6831414453","2025-10-29 19:59:27.160598+00"
"6482348729","5095946794","2025-10-30 07:34:27.823348+00"
"6538359322","558918331","2025-10-30 19:04:57.407815+00"
"2021779105","442993299","2025-10-31 08:02:12.018771+00"
"5374009510","1270580031","2025-10-31 12:15:09.646177+00"
"299850552","1164335213","2025-10-31 17:04:43.956528+00"
"7647636604","8132883465","2025-11-01 09:01:09.317986+00"
"7627824015","8132883465","2025-11-02 04:59:13.137864+00"
"874108019","1201360478","2025-11-02 12:16:44.717433+00"
"8266579417","5010994956","2025-11-02 13:32:17.166835+00"
"8266579417","8178595410","2025-11-02 13:33:09.55098+00"
"6233075737","7168900029","2025-11-02 13:46:48.924576+00"
"6953908944","999212136","2025-11-02 15:25:00.146697+00"
"6033297408","1388948904","2025-11-02 17:22:56.460583+00"
"6634362515","1940613654","2025-11-02 22:31:29.838329+00"
"840591150","8178595410","2025-11-03 13:59:28.035347+00"
"8178595410","5229023120","2025-11-03 17:56:18.981334+00"
"5819474421","5229023120","2025-11-03 20:13:46.779786+00"
"1967468387","7525625213","2025-11-04 01:49:48.662266+00"
"364708088","5014292785","2025-11-04 06:46:32.457012+00"
"7089307956","6993562534","2025-11-04 08:22:17.727579+00"
"7324135999","5728551153","2025-11-04 10:20:58.490278+00"
"5439435615","753215699","2025-11-04 10:39:47.417837+00"
"5009377468","6110336587","2025-11-04 10:56:45.034706+00"
"863347158","977600260","2025-11-04 11:07:48.539911+00"
"1437986570","7264966208","2025-11-04 11:19:41.824588+00"
"1026294851","1609398709","2025-11-04 12:57:26.650618+00"
"2100636247","977600260","2025-11-04 14:42:15.544615+00"
"5280617271","8487387358","2025-11-04 17:09:44.770255+00"
"5280617271","1609398709","2025-11-04 17:15:52.806408+00"
"2056021138","6499363352","2025-11-04 18:38:57.334624+00"
"5185658477","6233075737","2025-11-04 19:06:25.744884+00"
"8379107583","5204985308","2025-11-04 19:24:53.523466+00"
"6163220554","977600260","2025-11-04 19:29:57.686121+00"
"7231257941","7838626961","2025-11-04 19:37:20.70673+00"
"1026294851","1201453400","2025-11-04 19:52:07.505389+00"
"5690353758","5080699740","2025-11-04 20:22:32.291164+00"
"6380670350","6144296936","2025-11-04 20:29:42.037671+00"
"5256285571","1846368634","2025-11-04 20:35:15.965885+00"
"1107089185","6685694561","2025-11-04 23:54:42.191648+00"
"409540225","5014292785","2025-11-05 04:41:20.640717+00"
"825548136","5014292785","2025-11-05 06:26:15.560218+00"
"8411844354","1039067118","2025-11-05 06:55:21.348235+00"
"823255413","7501176620","2025-11-05 09:25:29.353939+00"
"823255413","2041585188","2025-11-05 09:30:29.203492+00"
"7606466781","7191029735","2025-11-05 09:42:20.335205+00"
"378363952","7818585845","2025-11-05 10:01:11.373226+00"
"5286508673","8521308273","2025-11-05 11:12:53.581914+00"
"1655961760","1206626259","2025-11-05 11:57:39.857232+00"
"6380670350","8317962343","2025-11-05 12:20:42.643711+00"
"8206338149","8317962343","2025-11-05 12:21:11.103171+00"
"8411844354","7058670155","2025-11-05 12:37:38.474517+00"
"6409695738","8178595410","2025-11-05 13:10:28.360605+00"
"7048596392","5014292785","2025-11-05 14:11:05.462279+00"
"863347158","642446361","2025-11-05 14:20:47.185456+00"
"5549245477","642446361","2025-11-05 14:25:41.048924+00"
"1289591187","797847663","2025-11-05 15:39:38.66144+00"
"7371372627","6739609696","2025-11-05 16:20:46.373979+00"
"7507514880","5014292785","2025-11-05 17:09:01.017092+00"
"2006066219","7168900029","2025-11-05 17:12:33.788248+00"
"6748941571","859504305","2025-11-05 17:52:20.009102+00"
"7877688414","1103065697","2025-11-05 18:13:57.107053+00"
"6704741290","1206626259","2025-11-05 18:17:31.414004+00"
"1206626259","1014465849","2025-11-05 18:19:38.314609+00"
"5906429938","6467486572","2025-11-05 18:32:45.248336+00"
"7877688414","8487387358","2025-11-05 18:37:07.641522+00"
"7838626961","454739367","2025-11-05 18:37:29.521752+00"
"372919521","1286904118","2025-11-05 18:40:39.913234+00"
"7060358633","454739367","2025-11-05 19:01:06.223755+00"
"807130554","515530600","2025-11-05 19:11:30.818235+00"
"346320754","5014292785","2025-11-05 20:02:59.446618+00"
"346320754","1222542336","2025-11-05 20:03:16.310319+00"
"1351455415","5014292785","2025-11-06 03:25:08.520974+00"
"8072898920","753215699","2025-11-06 17:56:27.847052+00"
"5906429938","756628801","2025-11-06 19:21:45.030173+00"
"5680042030","8132883465","2025-11-06 20:41:36.703058+00"
"8441068523","1388516911","2025-11-06 20:53:57.395203+00"
"970623649","753215699","2025-11-06 23:20:33.052773+00"
"1136410666","1103065697","2025-11-07 02:13:20.014343+00"
"387383425","1266195104","2025-11-07 04:01:25.259486+00"
"8475780402","6555318648","2025-11-07 04:15:52.495761+00"
"7113202890","5014292785","2025-11-07 06:45:05.313766+00"
"7214434853","8178595410","2025-11-07 09:02:30.460517+00"
"1833783652","8178595410","2025-11-07 09:03:11.735421+00"
"5529459683","7501176620","2025-11-07 09:27:21.122338+00"
"6151730802","829653636","2025-11-07 09:59:07.293618+00"
"6490842744","677664620","2025-11-07 10:16:48.672515+00"
"5221059473","7365865326","2025-11-07 10:36:23.199427+00"
"5831880646","5302916373","2025-11-07 11:28:28.136909+00"
"307992488","5014292785","2025-11-07 12:09:39.925676+00"
"6633997755","8072898920","2025-11-07 12:48:42.63236+00"
"7504209961","788646678","2025-11-07 13:29:25.981464+00"
"7887933385","7676754471","2025-11-07 14:18:43.371084+00"
"5690353758","6247187536","2025-11-07 14:26:13.454733+00"
"8128109578","6467486572","2025-11-07 15:25:55.565498+00"
"8128109578","5014292785","2025-11-07 15:28:10.725357+00"
"8128109578","6392831907","2025-11-07 15:30:00.367557+00"
"1070929105","5014292785","2025-11-07 15:34:56.285802+00"
"6048970412","1609398709","2025-11-07 16:13:55.572608+00"
"6149607586","1103065697","2025-11-07 16:23:17.981673+00"
"1098949446","8402831744","2025-11-07 17:14:37.223602+00"
"6606794082","1271958945","2025-11-07 18:04:47.777639+00"
"1570959519","1794187848","2025-11-07 18:34:22.291005+00"
"1570959519","5010994956","2025-11-07 18:46:21.17487+00"
"7555558810","5014292785","2025-11-07 19:02:51.900898+00"
"6048970412","797847663","2025-11-07 19:31:04.891576+00"
"1815352916","6499363352","2025-11-07 19:08:50.747607+00"
"8437573540","1834543510","2025-11-07 19:58:31.756768+00"
"383603268","5760713126","2025-11-07 20:44:31.331147+00"
"5595265222","5010994956","2025-11-07 22:10:25.316279+00"
"388622754","7501176620","2025-11-07 23:23:16.686206+00"
"6247187536","5014292785","2025-11-08 05:25:55.357499+00"
"7976303205","847569869","2025-11-08 07:13:52.914408+00"
"411388600","1834543510","2025-11-08 07:47:19.872615+00"
"5176845267","6152221028","2025-11-08 08:13:29.360643+00"
"754942925","8132883465","2025-11-14 18:00:14.356969+00"
"362521735","5014292785","2025-11-08 09:23:49.982568+00"
"6149607586","977600260","2025-11-08 13:12:32.148179+00"
"703138365","7849776289","2025-11-08 14:01:09.923103+00"
"5734175919","1152409369","2025-11-08 14:52:01.549046+00"
"1255471700","1847313015","2025-11-14 19:40:48.022592+00"
"6886782941","5014292785","2025-11-08 15:08:50.488598+00"
"362521735","1443977083","2025-11-08 15:12:23.935912+00"
"6999803936","338292689","2025-11-14 20:20:28.906023+00"
"1924682462","5229975567","2025-11-08 16:46:13.331365+00"
"6634362515","7264966208","2025-11-08 17:18:19.604311+00"
"1924682462","977600260","2025-11-08 17:22:53.488717+00"
"6369586656","5014292785","2025-11-08 18:37:48.275983+00"
"6369586656","1051864908","2025-11-08 18:42:17.472609+00"
"7267510633","6167158821","2025-12-01 22:26:14.784024+00"
"6836842755","1674834036","2025-12-02 09:21:19.061996+00"
"5210741383","977600260","2025-11-08 20:03:57.425531+00"
"849650841","5014292785","2025-11-08 20:10:58.548444+00"
"7938977375","797847663","2025-11-08 20:52:19.986555+00"
"362123847","5014292785","2025-11-08 21:18:51.222699+00"
"398892964","1834543510","2025-11-08 21:34:30.752703+00"
"1717503984","1834543510","2025-11-15 06:37:15.061303+00"
"1136410666","7945982183","2025-12-02 11:21:46.321704+00"
"6369586656","797847663","2025-11-09 07:57:29.786511+00"
"6369586656","8132883465","2025-11-09 08:19:22.470992+00"
"6369586656","7277297826","2025-11-09 08:19:37.557496+00"
"349875829","5959249059","2025-11-15 09:32:22.397645+00"
"467224452","797847663","2025-11-15 10:35:36.019321+00"
"6369586656","6063243083","2025-11-09 09:33:50.740555+00"
"6369586656","5941616526","2025-11-09 09:33:59.59739+00"
"6369586656","1083055872","2025-11-09 09:34:11.010161+00"
"7504983101","797847663","2025-11-15 11:12:21.378641+00"
"6715004512","797847663","2025-11-09 09:56:31.551211+00"
"1992982609","797847663","2025-11-09 10:53:02.652121+00"
"8262150907","8362956563","2025-11-09 11:39:41.901257+00"
"1511108148","1924682462","2025-11-09 12:32:09.89882+00"
"8072686210","6268905177","2025-11-09 12:52:27.945669+00"
"982720131","1674834036","2025-12-02 15:36:30.035846+00"
"6876985951","8072686210","2025-11-09 13:41:51.442286+00"
"8326838989","8132883465","2025-11-09 13:53:16.888654+00"
"5558936024","422733508","2025-11-15 13:09:36.490979+00"
"7353496680","8132883465","2025-11-09 14:44:54.136304+00"
"5213293196","797847663","2025-11-09 15:33:32.830734+00"
"6170475301","7676754471","2025-11-09 16:27:02.613206+00"
"5908680052","7501176620","2025-11-09 16:33:43.800787+00"
"346464271","1609398709","2025-11-09 16:53:05.682681+00"
"1001005200","1834543510","2025-11-09 17:17:13.804707+00"
"6149607586","316638964","2025-11-15 14:13:21.494754+00"
"8319738292","8132883465","2025-12-03 03:28:49.334253+00"
"8128109578","8132883465","2025-11-15 15:04:21.984768+00"
"6999803936","1647697220","2025-11-15 15:29:52.089692+00"
"477462298","5014292785","2025-11-10 02:12:19.884718+00"
"7841732987","1103065697","2025-11-10 02:22:11.917052+00"
"6346659608","2052395769","2025-11-15 16:28:34.147553+00"
"2004319924","8132883465","2025-11-10 04:43:02.07803+00"
"6324580320","7412135899","2025-11-15 17:25:33.740807+00"
"5558936024","977600260","2025-11-15 17:34:01.321504+00"
"6324580320","1051864908","2025-11-15 17:42:41.382076+00"
"6324580320","1647697220","2025-11-15 17:49:07.749451+00"
"8425643190","8487387358","2025-11-10 08:58:27.556292+00"
"533920704","6559312412","2025-11-10 09:48:48.139034+00"
"1738671412","6559312412","2025-11-10 09:49:59.041921+00"
"8386951099","1305273494","2025-11-10 10:51:52.453181+00"
"5753506007","7501176620","2025-11-10 10:59:46.415871+00"
"6071288444","982102080","2025-11-10 11:14:56.065315+00"
"1051864908","797847663","2025-11-10 11:58:33.983502+00"
"5932780397","5670238240","2025-11-10 12:38:20.352843+00"
"1071472901","6272869186","2025-11-10 12:47:51.568742+00"
"5923581745","471549533","2025-11-10 12:57:09.249709+00"
"585055306","7501176620","2025-11-10 12:58:44.885029+00"
"8240059280","442537417","2025-12-03 08:16:59.720909+00"
"5643236995","1053241387","2025-12-03 22:47:05.225136+00"
"1342810261","6152221028","2025-11-10 14:20:12.799772+00"
"8425643190","1103065697","2025-11-15 18:54:13.57655+00"
"6324580320","1103065697","2025-11-15 19:29:13.87049+00"
"6324580320","7987122414","2025-11-15 19:29:40.109791+00"
"685721430","7501176620","2025-11-10 14:42:33.372255+00"
"5935585336","1834543510","2025-11-10 15:26:36.796181+00"
"5935585336","7399714148","2025-11-10 15:26:54.405082+00"
"7639037201","797847663","2025-11-10 19:31:40.996141+00"
"7952047594","5224725107","2025-11-10 19:58:38.322482+00"
"337193479","6794069219","2025-11-10 21:41:31.715692+00"
"5185658477","5271539590","2025-11-11 04:02:40.774779+00"
"7770270350","5014292785","2025-11-11 04:16:28.116168+00"
"7291476378","7177426187","2025-11-11 05:03:58.675827+00"
"5367797560","1008814171","2025-12-04 10:09:18.45039+00"
"6712361188","5655941674","2025-11-11 09:46:41.882718+00"
"6643251095","6232681898","2025-11-11 10:33:08.172378+00"
"960832409","8132883465","2025-11-11 13:46:41.364661+00"
"6712361188","466664482","2025-11-11 15:09:10.951793+00"
"5221059473","466664482","2025-11-11 15:43:26.372424+00"
"389745732","5014292785","2025-11-11 17:42:33.371532+00"
"6010866246","5014292785","2025-11-12 05:20:25.000201+00"
"872211283","7826484265","2025-11-12 06:55:17.585467+00"
"6196465621","7826484265","2025-11-12 07:19:26.194339+00"
"424364310","399440680","2025-11-12 07:40:31.39665+00"
"528330049","7826484265","2025-11-12 08:23:45.454109+00"
"823255413","462966491","2025-11-12 08:39:10.488835+00"
"5205109395","797847663","2025-11-12 09:30:32.311437+00"
"7988209946","1494988153","2025-11-12 10:47:47.606721+00"
"7799503394","902778353","2025-11-12 13:15:17.307276+00"
"1333964009","5408250991","2025-11-12 13:53:13.81139+00"
"6502449315","1653198190","2025-11-12 14:35:18.173439+00"
"5019101251","5014292785","2025-11-12 15:05:14.441187+00"
"8487387358","299850552","2025-11-12 15:36:39.24478+00"
"6691845263","6545873114","2025-11-12 17:22:55.77998+00"
"6754946742","437944819","2025-11-12 17:44:33.140926+00"
"6536605558","460941903","2025-11-12 17:44:57.886278+00"
"5758435398","6763564039","2025-11-12 18:13:18.715932+00"
"7677648463","6545873114","2025-11-12 19:01:05.257057+00"
"5496013288","1924682462","2025-11-12 23:05:51.367557+00"
"6153310091","1083055872","2025-11-13 03:13:48.623183+00"
"6764595221","8014736816","2025-11-13 03:17:25.969263+00"
"7124139326","5980085144","2025-11-13 07:53:53.199041+00"
"1445110293","6559312412","2025-11-13 09:11:16.341995+00"
"355816382","8132883465","2025-11-13 11:03:46.078378+00"
"8484666325","466664482","2025-11-13 11:34:39.054161+00"
"713608037","8132883465","2025-11-13 11:55:46.504093+00"
"1040177400","1066113150","2025-11-13 12:06:38.436472+00"
"1216415391","7284658194","2025-11-13 13:37:11.586035+00"
"7370163567","7503511704","2025-11-13 14:38:11.739145+00"
"6801439185","1751867906","2025-11-13 15:06:11.728427+00"
"7963453467","1273058201","2025-11-13 16:06:36.408197+00"
"5741313011","7092743968","2025-11-13 17:01:15.512569+00"
"866019242","7412135899","2025-11-13 17:18:56.732693+00"
"8274317025","466664482","2025-11-13 17:33:53.950752+00"
"7547849911","8210097157","2025-11-13 17:47:46.668154+00"
"6619071192","5183845073","2025-11-13 18:08:12.062418+00"
"1634777884","8210097157","2025-11-13 18:18:09.577878+00"
"6732074630","1834543510","2025-11-13 19:02:24.956476+00"
"963722138","797847663","2025-11-13 19:27:21.950492+00"
"7383239990","7412135899","2025-11-13 19:29:02.483237+00"
"5604599833","5778164570","2025-11-13 23:12:10.947071+00"
"7477178240","8132883465","2025-11-14 06:11:17.451288+00"
"7540608548","8132883465","2025-11-14 07:16:31.791788+00"
"8152915816","5059334904","2025-11-14 09:35:45.523604+00"
"800955045","797847663","2025-11-14 12:03:21.436665+00"
"7878395492","6901349413","2025-11-14 12:28:54.786637+00"
"6460085853","797847663","2025-11-14 13:54:55.629404+00"
"331334522","797847663","2025-11-14 14:01:51.922826+00"
"5194677184","1051864908","2025-11-14 14:28:29.00913+00"
"730167674","5014292785","2025-11-14 15:55:33.250974+00"
"5494367958","8151671672","2025-11-14 16:02:33.298519+00"
"6723134604","1674834036","2025-11-14 16:22:22.726983+00"
"8380831867","5014292785","2025-11-07 19:22:52.829355+00"
"6048970412","5014292785","2025-11-07 19:31:34.865729+00"
"6422496097","797847663","2025-11-07 19:35:13.177525+00"
"629555119","797847663","2025-11-07 19:35:37.932331+00"
"8437573540","5397367435","2025-11-07 19:57:04.369733+00"
"372919521","1834543510","2025-11-07 19:58:38.206071+00"
"6307665949","7676754471","2025-11-07 19:58:40.759042+00"
"528330049","8178595410","2025-11-07 20:00:54.48017+00"
"6380670350","5397367435","2025-11-07 22:32:56.488913+00"
"7369879223","7501176620","2025-11-14 18:58:20.153573+00"
"7917799902","5229975567","2025-11-08 04:03:31.651272+00"
"5618581986","1834543510","2025-11-07 20:19:41.878844+00"
"734987473","6307144522","2025-11-07 20:27:04.300565+00"
"2056814277","1834543510","2025-11-07 20:27:50.020179+00"
"1661948329","935113612","2025-11-07 20:28:08.456988+00"
"6247187536","7501176620","2025-11-08 05:26:48.883866+00"
"7817790348","1443977083","2025-11-08 07:18:50.345758+00"
"8089892193","6739609696","2025-11-08 07:50:18.259275+00"
"6499363352","973547418","2025-12-01 13:05:29.624444+00"
"6379122401","5778164570","2025-11-14 21:46:26.10379+00"
"5747263234","1609398709","2025-11-08 10:39:52.197036+00"
"5245842826","6026724349","2025-11-15 01:24:14.076212+00"
"7619774018","6247187536","2025-11-08 11:45:33.206596+00"
"1434424983","977600260","2025-11-08 13:18:31.321646+00"
"1717503984","797847663","2025-11-15 06:34:39.621153+00"
"1717503984","5014292785","2025-11-15 06:41:51.541361+00"
"5734175919","6272869186","2025-11-08 14:51:57.76579+00"
"7998357888","859504305","2025-11-08 15:10:58.333839+00"
"5734175919","977600260","2025-11-08 15:49:54.165204+00"
"5734175919","7386771058","2025-11-08 15:53:07.19447+00"
"377160248","5014292785","2025-11-08 16:41:42.574989+00"
"7189597761","7466894758","2025-12-02 10:15:17.779703+00"
"396570981","1733726876","2025-11-08 17:37:07.446256+00"
"6324580320","6816978900","2025-12-02 11:23:19.560857+00"
"8365263022","6272869186","2025-11-08 18:40:46.671546+00"
"411388600","8359698550","2025-11-08 18:55:31.039008+00"
"5643236995","1924782398","2025-11-15 09:43:45.47636+00"
"528330049","7945982183","2025-12-02 17:00:41.002457+00"
"7938977375","1834543510","2025-11-08 20:36:07.25446+00"
"1317180879","8178595410","2025-11-08 21:03:38.564508+00"
"6975658783","5014292785","2025-11-15 11:23:32.450942+00"
"6154892102","1924682462","2025-11-09 02:59:17.821268+00"
"7277297826","1924682462","2025-11-09 06:25:53.892134+00"
"6369586656","1609398709","2025-11-09 07:56:51.808586+00"
"6369586656","1924682462","2025-11-09 08:00:04.256469+00"
"6369586656","5798503692","2025-11-09 09:26:32.178527+00"
"6369586656","8362956563","2025-11-09 09:27:05.047716+00"
"6123393076","5194677184","2025-11-09 09:54:52.278144+00"
"6715004512","1751867906","2025-11-09 10:10:48.032285+00"
"5734175919","6128434180","2025-11-09 10:43:37.793373+00"
"1219116927","5014292785","2025-11-15 11:41:51.535426+00"
"7483686446","1834543510","2025-11-15 12:26:52.135294+00"
"5558936024","8161990253","2025-11-15 14:10:17.272388+00"
"6518171353","7399714148","2025-11-09 13:30:42.034293+00"
"718495589","1745839855","2025-11-09 13:59:37.76724+00"
"1262221886","5014292785","2025-11-09 14:30:09.556684+00"
"1081012722","8132883465","2025-11-09 15:15:01.448655+00"
"5558936024","7144809772","2025-11-15 14:26:26.00199+00"
"623002252","977600260","2025-11-09 15:41:10.68373+00"
"331334522","7336509255","2025-11-15 15:21:05.703906+00"
"1067316466","8132883465","2025-11-09 16:30:01.91503+00"
"620556544","977600260","2025-11-09 17:02:36.326188+00"
"1066343159","977600260","2025-11-09 17:42:52.522667+00"
"382014130","5229975567","2025-11-09 18:56:51.405097+00"
"8223523947","1940613654","2025-11-09 19:24:38.13869+00"
"1459562432","692562724","2025-11-09 19:41:19.018218+00"
"6973320929","5014292785","2025-11-09 20:04:34.134948+00"
"389745732","1241455590","2025-11-15 15:52:38.138048+00"
"477462298","6128434180","2025-11-10 02:12:28.692568+00"
"477462298","797847663","2025-11-10 02:12:51.996539+00"
"1624167517","8178595410","2025-11-10 02:45:25.834206+00"
"7291476378","5014292785","2025-11-10 04:04:24.512523+00"
"6346659608","5732476730","2025-11-15 16:28:30.406921+00"
"8152915816","8132883465","2025-11-15 16:53:34.357931+00"
"1886189335","8132883465","2025-11-10 05:59:37.414862+00"
"5558936024","5194956884","2025-11-15 17:33:03.091081+00"
"6559312412","8132883465","2025-11-10 07:24:08.022905+00"
"5717189460","8132883465","2025-11-10 08:28:23.79802+00"
"430782885","1609398709","2025-11-10 09:10:18.163034+00"
"7904161055","5014292785","2025-11-10 11:09:25.388837+00"
"5932780397","6128434180","2025-11-10 12:10:20.122734+00"
"770869825","5229975567","2025-11-15 17:44:12.922489+00"
"797847663","1051864908","2025-11-10 12:57:04.943764+00"
"356250788","7315425698","2025-11-10 13:12:04.575348+00"
"356250788","5397367435","2025-11-10 13:19:27.41122+00"
"1238820183","5014292785","2025-11-10 13:57:42.750389+00"
"5935585336","7392286168","2025-11-10 15:28:14.24252+00"
"744595624","6854317836","2025-11-10 19:39:20.3249+00"
"312265955","1039067118","2025-11-10 20:42:44.237828+00"
"6047470832","1940613654","2025-11-11 04:15:50.42097+00"
"2051226907","431387764","2025-11-11 04:34:06.155814+00"
"8176603773","5906652943","2025-11-11 05:38:43.159821+00"
"5622340963","797847663","2025-11-15 18:08:03.080729+00"
"6643251095","2041585188","2025-11-11 10:32:26.061791+00"
"5932313280","1609398709","2025-11-11 10:55:40.592616+00"
"6324580320","6499363352","2025-11-15 18:13:46.912144+00"
"7291476378","1647697220","2025-11-15 18:20:50.286196+00"
"7623717059","797847663","2025-11-15 18:47:28.874016+00"
"7249613791","7987122414","2025-11-15 19:01:17.493606+00"
"533119699","5183845073","2025-11-12 03:30:06.122531+00"
"7945206928","5549429806","2025-11-12 05:16:27.493534+00"
"5917711088","829653636","2025-11-12 05:53:00.242883+00"
"1408002992","5980085144","2025-11-12 07:35:42.992368+00"
"1408002992","1201453400","2025-11-12 07:48:23.904848+00"
"7560074878","1751867906","2025-11-12 10:46:07.974869+00"
"1866843408","1674834036","2025-11-12 10:50:02.38346+00"
"8125433005","1751867906","2025-11-12 11:07:01.094596+00"
"5558936024","8148940962","2025-11-15 19:13:16.405415+00"
"338292689","797847663","2025-11-12 13:35:30.500388+00"
"6502449315","1363934678","2025-11-12 14:34:18.879699+00"
"7778388740","5014292785","2025-11-15 20:21:18.796384+00"
"464171448","797847663","2025-11-15 20:34:01.339998+00"
"6763564039","5408250991","2025-11-12 15:08:36.441324+00"
"464171448","874301139","2025-11-15 20:36:24.979756+00"
"7932524840","6545873114","2025-11-12 16:55:19.596704+00"
"8494890580","5549429806","2025-11-12 17:42:52.759651+00"
"8243224321","1241455590","2025-11-12 17:56:23.521311+00"
"1924409294","7876573174","2025-11-12 18:05:50.204567+00"
"7118798534","462966491","2025-11-12 18:23:04.911697+00"
"1940613654","7788868790","2025-11-12 18:34:00.097894+00"
"8425643190","1865805661","2025-11-12 18:59:46.621891+00"
"1827941638","829653636","2025-11-12 19:24:38.724719+00"
"6666084729","763440072","2025-11-12 21:51:56.905449+00"
"6153310091","7501176620","2025-11-13 02:51:32.192721+00"
"6731512899","7191883532","2025-11-15 20:39:21.969353+00"
"864303573","1647697220","2025-11-15 20:54:02.311711+00"
"6677797120","6936189475","2025-11-13 08:12:10.00978+00"
"6128701472","8132883465","2025-11-13 08:49:58.794962+00"
"5194677184","797847663","2025-11-13 09:29:37.360376+00"
"7264966208","8487387358","2025-11-13 10:53:37.374353+00"
"1136410666","1066113150","2025-11-13 11:46:09.023674+00"
"1040177400","1051120004","2025-11-13 12:06:12.338204+00"
"7671747390","8132883465","2025-11-13 12:23:02.295928+00"
"331334522","7439298837","2025-11-13 13:35:27.148346+00"
"7775478270","7439298837","2025-11-13 13:37:43.900515+00"
"8402831744","1834543510","2025-11-13 15:17:18.260182+00"
"8288353652","1443977083","2025-11-13 16:04:32.207421+00"
"6074621627","441209233","2025-11-13 16:41:03.637938+00"
"1606816319","5194677184","2025-11-13 17:16:55.847005+00"
"7985310463","999212136","2025-11-13 17:36:32.17579+00"
"6619071192","7247123310","2025-11-13 18:08:32.591029+00"
"6619071192","1491873649","2025-11-13 18:24:26.503074+00"
"963722138","697288224","2025-11-13 19:26:13.975172+00"
"5712443366","6317335819","2025-11-13 19:27:22.097781+00"
"8210097157","955679410","2025-11-13 19:36:19.163219+00"
"5962135439","1211607170","2025-11-13 21:16:48.424719+00"
"7089307956","6348232988","2025-11-13 22:08:42.344669+00"
"5033086865","7446530116","2025-11-14 09:33:43.349183+00"
"6329649267","7984980757","2025-11-14 10:59:59.225995+00"
"7089969662","7439298837","2025-11-14 12:31:44.884454+00"
"5542479981","797847663","2025-11-14 13:13:15.660969+00"
"5980602390","7482165593","2025-11-14 15:11:57.881875+00"
"331334522","8066757261","2025-11-14 16:14:31.343031+00"
"1366211357","1211607170","2025-11-14 16:53:43.864291+00"
"6350884523","7029687797","2025-11-15 21:17:51.229919+00"
"8148940962","6763564039","2025-11-15 21:24:34.677695+00"
"6543073791","724721931","2025-11-15 22:08:55.238393+00"
"5287583286","5072306781","2025-11-16 03:56:33.792576+00"
"409098115","8132883465","2025-11-16 05:09:23.579188+00"
"5484737887","5014292785","2025-12-01 03:49:02.295141+00"
"7291476378","1051864908","2025-11-16 06:18:52.377658+00"
"6863474564","5072306781","2025-11-16 06:40:04.940006+00"
"938375912","6199022685","2025-12-01 14:24:47.743843+00"
"6118813772","5036527370","2025-11-16 06:54:12.6543+00"
"1704326359","358584822","2025-12-02 06:36:09.779828+00"
"6324580320","7392286168","2025-11-16 07:23:43.288139+00"
"8034301607","1051864908","2025-11-16 07:58:08.38296+00"
"5499323103","5882853663","2025-11-16 08:08:23.296741+00"
"5363412048","544561930","2025-12-02 10:32:09.731025+00"
"8034301607","7984980757","2025-11-16 09:44:00.398439+00"
"7861879898","7392286168","2025-11-16 09:57:41.890077+00"
"472898765","6537725741","2025-11-16 10:03:40.545955+00"
"6863474564","5014292785","2025-11-16 10:54:31.946546+00"
"887692054","989329434","2025-11-16 10:58:55.036245+00"
"7637941482","5163807484","2025-11-16 11:00:23.016232+00"
"8308622569","5163807484","2025-11-16 11:03:32.367745+00"
"5367797560","8132883465","2025-12-02 11:40:57.387822+00"
"7637941482","7623717059","2025-11-16 11:13:45.150244+00"
"6789406912","5254274994","2025-12-02 11:47:00.279462+00"
"770214725","797847663","2025-12-02 11:56:53.896546+00"
"699103879","1905333424","2025-12-02 13:04:55.140827+00"
"7572925260","1834543510","2025-11-16 11:41:33.96234+00"
"333360825","7501176620","2025-11-16 11:52:15.333422+00"
"7233078151","8451398351","2025-11-16 12:37:35.568038+00"
"7572925260","8041259479","2025-11-16 13:05:58.713542+00"
"1478175636","5014292785","2025-12-02 17:05:38.363663+00"
"1403610796","5272321269","2025-12-03 03:40:50.616592+00"
"1209563482","7826484265","2025-11-16 13:23:54.73967+00"
"7575507841","7799503394","2025-11-16 13:42:20.881664+00"
"5531789930","6063243083","2025-12-03 10:43:08.614248+00"
"1051864908","1201453400","2025-12-03 11:11:49.454839+00"
"8234943188","1940613654","2025-11-16 16:22:11.255894+00"
"8395067596","451257119","2025-11-16 16:27:54.598394+00"
"1242395049","2002650347","2025-11-16 18:15:30.266816+00"
"8405339609","1443977083","2025-11-16 18:17:53.825129+00"
"7450429626","5163807484","2025-11-16 19:29:29.512745+00"
"5194677184","1606816319","2025-11-16 19:55:15.609117+00"
"432415969","6026789652","2025-11-16 20:01:28.947389+00"
"5684759967","6026789652","2025-11-16 20:04:25.853322+00"
"7099281078","6026789652","2025-11-16 20:05:13.512964+00"
"8214718140","5194677184","2025-11-16 20:07:13.62857+00"
"5487118414","1053241387","2025-12-03 15:54:08.425612+00"
"7448688198","7460651806","2025-11-16 20:27:11.253259+00"
"8069652882","5779531688","2025-11-16 22:16:06.519724+00"
"5781888399","1051864908","2025-11-17 04:16:34.159677+00"
"7113202890","8132883465","2025-11-17 05:01:47.365113+00"
"7233511077","1263821322","2025-12-04 11:20:19.130181+00"
"1676325562","797847663","2025-11-17 06:01:17.233869+00"
"7632819116","6026789652","2025-11-17 06:06:31.887777+00"
"6789406912","8132883465","2025-11-17 06:41:54.891202+00"
"7760778072","634103052","2025-12-04 16:13:03.624821+00"
"6307665949","942663833","2025-11-17 07:48:14.938317+00"
"7233511077","6004448545","2025-12-04 19:54:16.870141+00"
"6993825217","7891043769","2025-12-05 05:45:46.690888+00"
"5654559984","8132883465","2025-11-17 08:31:25.168574+00"
"7948534478","7862691707","2025-11-17 08:32:40.440452+00"
"647833125","7277167325","2025-11-17 08:41:28.274229+00"
"7527268843","1051864908","2025-11-17 08:44:06.782133+00"
"7277167325","1051864908","2025-11-17 09:05:26.935815+00"
"6559198848","1246961688","2025-12-05 08:13:32.895575+00"
"8065215112","6839822722","2025-12-05 08:31:23.877853+00"
"1636185292","903817915","2025-11-17 09:23:37.929337+00"
"8459009153","6499363352","2025-11-17 09:34:39.189224+00"
"6509556354","6215775405","2025-11-17 09:38:55.190229+00"
"680583046","8132883465","2025-11-17 09:40:34.939435+00"
"7982194284","5012012584","2025-11-17 09:44:32.469179+00"
"5958039592","7647636604","2025-11-17 10:01:27.496659+00"
"5958039592","7662878887","2025-11-17 10:01:29.958952+00"
"5781888399","5014292785","2025-11-17 10:04:32.238914+00"
"5781888399","8132883465","2025-11-17 10:04:41.379974+00"
"5680042030","1924682462","2025-11-17 10:04:59.691431+00"
"5227814952","6214794341","2025-11-17 10:05:29.560883+00"
"5680042030","5194677184","2025-11-17 10:07:24.401898+00"
"7448688198","8132883465","2025-11-17 10:19:49.807607+00"
"520361707","1051864908","2025-11-17 10:45:55.206941+00"
"1462269617","5779531688","2025-11-17 10:46:26.441802+00"
"1051864908","520361707","2025-11-17 10:59:56.218152+00"
"670025897","338292689","2025-11-17 11:13:16.3171+00"
"6904757410","8054407830","2025-11-17 12:58:09.332448+00"
"6691274967","8054407830","2025-11-17 13:50:17.433786+00"
"7861879898","797847663","2025-11-17 15:05:56.957655+00"
"621529619","5014292785","2025-11-17 15:32:12.094145+00"
"712935913","1940613654","2025-11-17 16:27:31.043077+00"
"7513011740","1443977083","2025-11-17 16:45:05.131054+00"
"403879446","7270670012","2025-11-17 16:46:41.490786+00"
"5582099751","8132883465","2025-11-17 16:50:11.260971+00"
"5006883510","756011892","2025-11-17 17:08:05.136366+00"
"8071943081","8132883465","2025-11-17 17:21:10.10925+00"
"966823069","8132883465","2025-11-17 17:29:12.669048+00"
"6871781432","7865479049","2025-11-17 17:47:06.370588+00"
"8374283490","7392286168","2025-11-17 18:01:43.344191+00"
"5718346246","405279726","2025-11-17 18:13:51.512684+00"
"614813590","951730392","2025-11-17 18:27:25.399446+00"
"951730392","614813590","2025-11-17 18:31:18.907743+00"
"1144024274","614813590","2025-11-17 18:33:28.889234+00"
"951730392","1144024274","2025-11-17 18:37:04.419824+00"
"6166991504","8132883465","2025-11-17 18:37:12.147814+00"
"614813590","1144024274","2025-11-17 18:37:44.036235+00"
"1144024274","951730392","2025-11-17 18:38:17.06527+00"
"1141549664","7392286168","2025-11-17 19:10:12.572026+00"
"1386862960","1834543510","2025-11-17 20:28:40.488364+00"
"8315650083","6499363352","2025-11-17 21:09:38.460853+00"
"8315650083","1877790025","2025-11-17 21:11:49.230391+00"
"7099869976","797847663","2025-11-17 21:30:31.004377+00"
"8163396945","5014292785","2025-11-17 21:38:56.504857+00"
"898850103","1036122318","2025-11-17 21:43:28.001212+00"
"1045227424","6467486572","2025-11-17 22:00:10.507783+00"
"7288509130","8014736816","2025-11-18 00:35:44.466848+00"
"8200911384","852303033","2025-11-18 02:15:22.237784+00"
"6446860540","8014736816","2025-11-18 03:10:41.922761+00"
"900174648","8014736816","2025-11-18 03:26:15.640914+00"
"5788471124","6719356467","2025-11-18 05:29:15.017444+00"
"5824060652","1713751356","2025-11-18 05:35:19.432032+00"
"5781888399","6499363352","2025-11-18 06:31:48.525768+00"
"7395220012","8451398351","2025-11-18 06:45:20.835326+00"
"5781888399","7412135899","2025-11-18 06:47:39.18437+00"
"7277167325","797847663","2025-11-18 06:48:59.388471+00"
"1800084806","7501176620","2025-11-18 08:57:26.683675+00"
"1800084806","5779531688","2025-11-18 08:57:56.81158+00"
"885604135","643570911","2025-11-18 09:18:42.900111+00"
"1209563482","5014292785","2025-11-18 09:40:35.710169+00"
"2031756826","797847663","2025-11-18 09:42:06.096129+00"
"2031756826","6499363352","2025-11-18 09:42:07.51102+00"
"7209510924","2133374158","2025-11-18 09:45:48.457731+00"
"6631273378","1455553245","2025-11-18 10:31:33.844763+00"
"1372597890","410654310","2025-11-18 11:58:56.756698+00"
"6728497448","5014292785","2025-11-18 12:10:00.272731+00"
"396391697","5344544294","2025-11-18 13:07:16.399346+00"
"6948764140","1051864908","2025-11-18 14:01:24.009493+00"
"6948764140","6499363352","2025-11-18 14:04:25.505247+00"
"6948764140","5194677184","2025-11-18 14:10:50.181612+00"
"6948764140","5779531688","2025-11-18 14:11:58.213687+00"
"8424612655","7277167325","2025-11-18 14:15:15.060234+00"
"6948764140","8014736816","2025-11-18 14:39:22.625612+00"
"6948764140","6719356467","2025-11-18 14:43:17.53299+00"
"7606466781","7826484265","2025-11-18 14:46:17.969967+00"
"6948764140","1713751356","2025-11-18 14:49:16.959083+00"
"6948764140","797847663","2025-11-18 14:55:57.094095+00"
"6948764140","6194922788","2025-11-18 15:01:41.731401+00"
"6948764140","5344544294","2025-11-18 15:35:24.860342+00"
"6948764140","464171448","2025-11-18 15:36:20.810503+00"
"6948764140","1107996276","2025-11-18 15:38:30.311547+00"
"6948764140","6507987020","2025-11-18 15:47:14.146395+00"
"6948764140","7277167325","2025-11-18 15:47:37.985563+00"
"6948764140","8132883465","2025-11-18 16:01:40.701002+00"
"6948764140","942663833","2025-11-18 16:04:10.294483+00"
"1434810340","8148472933","2025-11-18 17:49:13.94718+00"
"7725842151","1674834036","2025-11-18 17:52:42.739416+00"
"5890372219","8054407830","2025-11-18 18:03:19.186152+00"
"6402318565","6499363352","2025-12-02 11:21:31.078552+00"
"7733481276","797847663","2025-12-02 13:07:30.356679+00"
"1905333424","699103879","2025-12-02 13:08:30.438215+00"
"5602940235","5014292785","2025-12-02 19:06:11.509012+00"
"6567513302","418695461","2025-12-03 06:02:21.340648+00"
"5531789930","8312458446","2025-12-03 10:46:12.443913+00"
"6310108506","1253397612","2025-12-03 16:52:51.28584+00"
"8427094507","6816978900","2025-12-04 02:22:03.624592+00"
"7233511077","1051864908","2025-12-04 10:49:33.209821+00"
"6723134604","7295183197","2025-12-04 18:14:53.441851+00"
"7161631676","6497786250","2025-12-04 23:16:17.663378+00"
"1058587695","7501176620","2025-12-05 06:39:20.752968+00"
"8395067596","5779531688","2025-12-05 18:09:54.36457+00"
"8395067596","797847663","2025-12-06 16:50:07.762078+00"
"8395067596","6499363352","2025-12-06 16:50:22.354699+00"
"8395067596","1051120004","2025-12-06 17:48:27.182949+00"
"973547418","6499363352","2025-12-01 17:56:40.376663+00"
"8128109578","462966491","2025-11-18 18:49:45.180665+00"
"712935913","1055900924","2025-12-02 07:49:34.060165+00"
"5325900270","442537417","2025-12-02 13:08:34.591238+00"
"5325900270","5014292785","2025-12-02 13:16:11.741923+00"
"5137287903","6504427565","2025-12-02 18:55:15.601847+00"
"5367797560","545848148","2025-12-03 07:06:34.628258+00"
"779584397","797847663","2025-12-03 13:45:13.273834+00"
"717829815","1053241387","2025-12-03 14:45:39.965687+00"
"1147606013","8081744520","2025-12-04 07:31:38.757606+00"
"7475080262","1051864908","2025-12-04 12:38:37.555159+00"
"1293635650","1219116927","2025-12-04 18:19:33.969608+00"
"7836259616","8351804551","2025-12-04 19:43:45.060624+00"
"6497786250","7161631676","2025-12-04 23:19:15.025126+00"
"372328064","2133374158","2025-12-05 06:59:21.124914+00"
"843388973","797847663","2025-12-05 10:38:31.921088+00"
"8438798512","7945982183","2025-12-06 08:08:15.220828+00"
"8312458446","8065215112","2025-12-06 17:03:33.809098+00"
"1717444532","977701485","2025-12-01 06:26:50.426607+00"
"7448688198","5014292785","2025-11-18 19:09:15.894734+00"
"7745959874","7680965813","2025-11-18 19:42:15.768088+00"
"1856653857","1201453400","2025-11-18 20:56:49.004771+00"
"5478033817","5194677184","2025-11-18 22:01:54.88005+00"
"5916747198","5014292785","2025-11-18 22:49:37.485409+00"
"6460174161","7945982183","2025-12-02 13:55:17.239654+00"
"396402433","2133374158","2025-11-19 04:07:41.399357+00"
"6948764140","1215782140","2025-11-19 04:18:50.046437+00"
"6948764140","7446530116","2025-11-19 04:19:27.64026+00"
"468614391","477639129","2025-12-02 14:10:46.741201+00"
"6064719259","1443977083","2025-11-19 05:59:40.183485+00"
"5404691484","1781787035","2025-12-02 21:55:16.679672+00"
"8025152801","8014736816","2025-11-19 06:56:57.071684+00"
"6909260412","1051864908","2025-11-19 06:57:51.654042+00"
"5531789930","1458233131","2025-12-03 07:40:34.101036+00"
"1367243357","1051864908","2025-11-19 06:59:01.889371+00"
"5074127278","5014292785","2025-11-19 07:19:12.229254+00"
"396329313","8178595410","2025-11-19 08:02:41.302406+00"
"6909260412","5779531688","2025-11-19 08:34:40.800942+00"
"6909260412","8132883465","2025-11-19 09:24:39.156832+00"
"6319205690","1834543510","2025-11-19 11:47:09.430207+00"
"5468393419","7501176620","2025-11-19 12:18:25.235108+00"
"429830464","2133374158","2025-11-19 12:25:20.66457+00"
"2038587063","8134746177","2025-11-19 12:46:40.971101+00"
"7823672847","7520698100","2025-11-19 13:34:33.963991+00"
"6007908686","7501176620","2025-11-19 13:47:40.264675+00"
"8416306442","7501176620","2025-11-19 16:58:57.166961+00"
"330054625","5014292785","2025-11-19 17:51:59.702933+00"
"6514104477","699103879","2025-11-19 17:56:08.193637+00"
"1366211357","5691045396","2025-11-19 18:03:31.794186+00"
"6756569732","6670787583","2025-11-19 18:09:16.046704+00"
"6577838585","1241455590","2025-11-19 18:30:04.00999+00"
"8295804449","5014292785","2025-11-19 18:36:02.39475+00"
"7619625056","6670787583","2025-11-19 19:01:46.546255+00"
"6513396947","6692034060","2025-11-19 19:22:43.81321+00"
"6948764140","1609398709","2025-11-19 19:35:57.157169+00"
"5638405295","1674834036","2025-11-19 20:03:25.462338+00"
"554195529","7447577685","2025-11-19 20:15:49.082841+00"
"673529160","7501176620","2025-11-19 20:50:59.934016+00"
"8254260954","8033265334","2025-11-19 21:20:03.640029+00"
"514050272","6763564039","2025-11-19 21:39:26.789676+00"
"5071321627","1355608580","2025-11-20 00:25:09.974053+00"
"1614071841","8148472933","2025-11-20 00:31:54.064886+00"
"1614071841","2077632607","2025-11-20 00:43:47.656806+00"
"1614071841","8315650083","2025-11-20 00:44:30.907676+00"
"1614071841","5344544294","2025-11-20 00:55:51.646876+00"
"1614071841","2133374158","2025-11-20 00:57:27.309228+00"
"7834010705","672360332","2025-11-20 03:41:48.447313+00"
"7938977375","951730392","2025-11-20 03:55:09.574251+00"
"6909260412","6499363352","2025-11-20 04:24:07.935092+00"
"1614071841","6839822722","2025-11-20 05:04:25.087004+00"
"5932780397","8072898920","2025-11-20 05:47:18.380842+00"
"5176845267","829653636","2025-11-20 05:56:36.647281+00"
"6896791200","5779531688","2025-11-20 06:03:38.120078+00"
"7606466781","6499363352","2025-11-20 06:11:54.162614+00"
"7771481548","8132883465","2025-11-20 08:45:06.163844+00"
"5848858966","1365445976","2025-11-20 08:47:11.041306+00"
"1008555533","8132883465","2025-11-20 08:51:11.777545+00"
"7763805086","8132883465","2025-11-20 08:51:58.88148+00"
"6909260412","5014292785","2025-11-20 09:39:56.347655+00"
"5460600863","5014292785","2025-11-20 09:42:47.750992+00"
"6587843683","903649263","2025-11-20 11:17:48.786675+00"
"5596839568","7501176620","2025-11-20 12:10:59.926844+00"
"6380670350","1797490235","2025-11-20 12:30:32.43481+00"
"7233511077","7945982183","2025-11-20 14:07:25.124049+00"
"8471233877","7984980757","2025-11-20 14:15:30.308206+00"
"5644207381","2088709789","2025-11-20 15:13:07.519052+00"
"6493382148","1455553245","2025-11-20 17:20:19.177094+00"
"6098650633","8132883465","2025-11-20 17:50:33.059545+00"
"1107422814","6497786250","2025-11-20 19:29:21.69975+00"
"7337653691","7501176620","2025-11-20 19:56:02.972441+00"
"7337653691","7277167325","2025-11-20 19:56:27.959715+00"
"7337653691","5014292785","2025-11-20 19:57:12.191831+00"
"1355082268","6507987020","2025-11-20 20:45:22.315106+00"
"6542618727","7998357888","2025-11-20 20:57:37.145754+00"
"1355082268","8132883465","2025-11-20 21:11:50.591929+00"
"1355082268","5014292785","2025-11-20 21:55:19.104282+00"
"1355082268","7647636604","2025-11-20 22:00:33.298771+00"
"1355082268","797847663","2025-11-20 22:03:53.744443+00"
"1355082268","442537417","2025-11-20 22:04:01.1557+00"
"1355082268","8375243121","2025-11-20 22:08:51.370485+00"
"1355082268","1426425233","2025-11-20 22:29:37.073724+00"
"1355082268","5779531688","2025-11-20 22:30:05.046067+00"
"1426425233","2049114405","2025-11-20 22:35:26.234314+00"
"7770452574","8495775215","2025-11-21 03:43:57.124442+00"
"6541204710","797847663","2025-11-21 04:08:08.905857+00"
"7407024356","942663833","2025-11-21 05:56:20.043574+00"
"7407024356","6499363352","2025-11-21 05:57:40.429333+00"
"7407024356","5014292785","2025-11-21 06:24:13.944892+00"
"7407024356","7277167325","2025-11-21 06:27:11.469475+00"
"7052906911","1443977083","2025-11-21 06:43:25.006526+00"
"712935913","7501176620","2025-11-21 08:55:38.269794+00"
"8367487489","8132883465","2025-11-21 09:25:13.466046+00"
"7878529257","6499363352","2025-11-21 09:35:11.207743+00"
"7959360040","6499363352","2025-11-21 10:27:32.921905+00"
"7959360040","820582696","2025-11-21 10:35:28.162797+00"
"1281927772","6499363352","2025-11-21 11:35:21.731365+00"
"7407024356","797847663","2025-11-21 11:51:03.785689+00"
"6782380426","6499363352","2025-11-21 11:57:30.667849+00"
"6699305708","5014292785","2025-11-21 12:38:25.559818+00"
"6699305708","1832355615","2025-11-21 12:39:53.237538+00"
"2009442373","5344544294","2025-11-21 12:41:21.164692+00"
"8476286942","1832355615","2025-11-21 12:46:38.089773+00"
"2009442373","6499363352","2025-11-21 12:50:56.501721+00"
"7959360040","5816972493","2025-11-21 12:51:11.060229+00"
"346735807","5936590983","2025-11-21 12:59:13.962876+00"
"8394335907","729045548","2025-11-21 16:01:02.448435+00"
"8394335907","1443977083","2025-11-21 16:02:19.548241+00"
"5644207381","1133840108","2025-11-21 16:14:55.423698+00"
"8483829015","7029687797","2025-11-21 17:15:54.556327+00"
"1045227424","5810398696","2025-11-21 17:16:59.730548+00"
"7860656853","1209563482","2025-11-21 17:51:19.742491+00"
"5384231139","1319647098","2025-11-21 18:21:37.818362+00"
"1203345729","8132883465","2025-11-21 18:46:20.822678+00"
"1081012722","8495085612","2025-11-21 19:40:43.395607+00"
"6622150479","1219116927","2025-11-21 20:19:54.423434+00"
"1437040833","1443977083","2025-11-21 20:39:50.038705+00"
"6524053210","7052226379","2025-11-21 21:06:13.165674+00"
"6524053210","5015840197","2025-11-21 21:06:19.198616+00"
"1355082268","942663833","2025-11-21 22:27:52.248264+00"
"1355082268","7998357888","2025-11-21 22:28:52.077736+00"
"7744940567","6909260412","2025-11-22 04:17:01.588374+00"
"397419365","8132883465","2025-11-22 06:38:27.149801+00"
"472910545","1219116927","2025-11-22 07:54:08.639745+00"
"2103462970","437944819","2025-11-22 08:41:52.115461+00"
"1093905527","7264966208","2025-11-22 09:01:05.403012+00"
"383086288","6499363352","2025-11-22 09:05:39.629541+00"
"8148472933","1177371609","2025-11-22 09:44:55.138731+00"
"5596839568","5014292785","2025-11-22 10:35:32.667951+00"
"1960610252","5779531688","2025-11-22 10:58:55.155519+00"
"6490842744","5949936801","2025-11-22 11:24:42.007793+00"
"6712361188","1052455294","2025-11-22 13:29:08.664117+00"
"6712361188","5949936801","2025-11-22 13:29:39.696403+00"
"6212841550","6499363352","2025-11-22 18:10:26.056107+00"
"5852140846","1730816223","2025-11-22 18:23:28.033696+00"
"5274269628","7239777085","2025-11-22 18:48:07.48033+00"
"1026294851","797847663","2025-11-22 19:37:28.493764+00"
"8285162940","6123393076","2025-11-22 19:45:05.374585+00"
"346236795","1219116927","2025-11-22 19:55:55.561593+00"
"1376803391","7501176620","2025-11-22 20:28:32.810828+00"
"7024407725","7084003937","2025-11-22 21:31:43.990419+00"
"315837946","771522611","2025-11-22 22:17:24.676895+00"
"315837946","5344544294","2025-11-22 22:32:01.12988+00"
"1940613654","7277167325","2025-11-23 04:21:14.659162+00"
"472379367","7277167325","2025-11-23 05:36:21.030417+00"
"6372737416","841563311","2025-11-23 05:54:15.101751+00"
"6402318565","6940495193","2025-11-23 07:33:24.020129+00"
"5316065874","8132883465","2025-11-23 07:40:56.103104+00"
"7557645312","5014292785","2025-11-23 07:59:34.361957+00"
"6192582384","797847663","2025-11-23 08:39:16.808009+00"
"6704741135","1183489182","2025-11-23 09:24:34.451956+00"
"6695161004","5014292785","2025-11-23 09:42:52.297008+00"
"5902076288","5471039343","2025-11-23 09:49:51.484789+00"
"820582696","6304596210","2025-11-23 12:02:12.161418+00"
"905762276","6670787583","2025-11-23 16:41:57.347514+00"
"6879580405","698304652","2025-12-01 06:31:08.032215+00"
"6123757816","6123393076","2025-11-23 17:35:11.893406+00"
"6737486616","5014292785","2025-12-01 18:42:28.190792+00"
"1633381090","7501176620","2025-11-23 22:03:53.202377+00"
"6815543156","460996011","2025-11-24 01:09:09.561301+00"
"5395669748","905762276","2025-11-24 02:58:26.689022+00"
"6324580320","8132883465","2025-12-02 11:00:58.059901+00"
"7060891299","7984980757","2025-11-24 08:00:53.819418+00"
"1943655943","8132883465","2025-12-02 11:28:18.489071+00"
"7255912855","1024532559","2025-11-24 11:43:36.424544+00"
"7304783418","5396646037","2025-11-24 12:00:26.850876+00"
"5977736821","7501176620","2025-11-24 12:08:24.859605+00"
"5977736821","1201804003","2025-11-24 12:10:03.654215+00"
"7377354699","7878529257","2025-11-24 12:55:56.570232+00"
"5531789930","5014292785","2025-12-03 07:40:55.094905+00"
"7283143839","2134995908","2025-11-24 16:43:34.678128+00"
"7577722031","7788868790","2025-12-03 19:38:34.003645+00"
"943019298","1320397494","2025-11-24 17:08:24.75889+00"
"1432411498","977600260","2025-11-24 17:09:28.117321+00"
"7738735254","903649263","2025-11-24 18:52:08.398649+00"
"645069294","1103065697","2025-11-24 22:20:24.848694+00"
"406118850","7984980757","2025-11-25 04:10:41.828758+00"
"6330928204","8132883465","2025-11-25 05:56:51.694567+00"
"1916651093","7501176620","2025-11-25 07:26:11.848293+00"
"8065202045","5183845073","2025-11-25 08:52:35.611687+00"
"486394591","5183845073","2025-11-25 08:53:51.834751+00"
"2052395769","1713751356","2025-11-25 11:45:46.733007+00"
"1860205024","1039067118","2025-11-25 11:57:58.867707+00"
"7878529257","1579373309","2025-11-25 12:17:25.155803+00"
"5009377468","1053241387","2025-12-04 09:05:28.561413+00"
"1912016123","7466894758","2025-11-25 12:37:37.195907+00"
"1912016123","5779531688","2025-11-25 12:38:16.013595+00"
"5114765057","5014292785","2025-11-25 12:39:28.307475+00"
"1461603069","8199846804","2025-12-04 13:30:38.921664+00"
"5009377468","6810310587","2025-12-04 18:59:30.135359+00"
"6823307553","771522611","2025-11-25 13:53:32.063743+00"
"8226883390","6617782659","2025-12-04 19:49:12.249723+00"
"1047648367","8132883465","2025-11-25 17:13:25.349199+00"
"823255413","5779531688","2025-11-25 17:16:20.127038+00"
"2034079599","7501176620","2025-11-25 17:40:34.624744+00"
"7277297826","5779531688","2025-11-25 18:05:06.646363+00"
"8158124360","7501176620","2025-11-25 18:57:46.281459+00"
"7474781357","1150794859","2025-11-25 19:12:54.611535+00"
"6778995610","748407474","2025-11-25 20:12:55.976671+00"
"5815005784","6167158821","2025-11-25 20:29:23.852703+00"
"5815005784","6499363352","2025-11-25 20:47:56.066744+00"
"8158124360","797847663","2025-11-25 21:29:39.784562+00"
"8065215112","1486823944","2025-12-05 07:37:53.824909+00"
"5804719619","957328380","2025-11-26 05:16:35.300758+00"
"6019735456","5014292785","2025-12-05 13:06:43.893868+00"
"7878529257","5381673363","2025-11-26 05:42:02.929188+00"
"6013362764","6167158821","2025-11-26 05:56:38.584735+00"
"8438798512","1103065697","2025-12-06 11:52:10.67706+00"
"1469773444","6786814214","2025-12-06 17:23:27.740837+00"
"8395067596","1830648328","2025-12-06 17:26:39.578958+00"
"2003374617","8592156712","2025-11-26 09:56:20.530344+00"
"8109112246","5629115132","2025-11-26 10:29:57.884893+00"
"6756569732","7466894758","2025-11-26 10:56:07.032871+00"
"8395067596","7529972686","2025-12-06 17:30:46.389952+00"
"7205644862","5485565660","2025-11-26 10:59:39.364188+00"
"7518677057","5164922669","2025-11-26 11:13:54.808097+00"
"1047648367","5014292785","2025-11-26 11:34:28.974519+00"
"7518677057","797847663","2025-11-26 12:29:58.272289+00"
"8269238670","558918331","2025-11-26 12:36:38.450886+00"
"7569630298","8269238670","2025-11-26 15:55:58.237548+00"
"441892225","6013284464","2025-11-26 17:38:56.538261+00"
"6822900573","6502398046","2025-11-26 17:42:46.373502+00"
"607886459","441526055","2025-11-26 22:18:04.138235+00"
"5260824882","8132883465","2025-11-26 23:01:38.347236+00"
"7691468113","5779531688","2025-11-27 00:05:37.000945+00"
"1047648367","6813544940","2025-11-27 05:25:42.018487+00"
"8269238670","7788868790","2025-11-27 09:53:29.872465+00"
"5387804536","1754636407","2025-11-27 09:53:42.416648+00"
"5411532824","1754636407","2025-11-27 10:02:13.204022+00"
"7365865326","1754636407","2025-11-27 10:18:30.830867+00"
"7972471327","7466894758","2025-11-27 10:58:13.105382+00"
"2021374495","7365865326","2025-11-27 13:15:07.365699+00"
"935113612","544561930","2025-11-27 15:14:50.577669+00"
"1139626650","544561930","2025-11-27 16:08:51.26394+00"
"5612663677","7345116845","2025-11-27 17:46:31.703778+00"
"511767433","544561930","2025-11-27 17:59:20.901774+00"
"1244569417","7277167325","2025-11-27 18:24:28.27449+00"
"1045255243","5014292785","2025-11-27 19:31:16.604169+00"
"7555248366","534717744","2025-11-27 20:24:48.678383+00"
"6502575119","8349531562","2025-11-27 20:38:53.487689+00"
"7691468113","6499363352","2025-11-27 22:58:47.840962+00"
"7691468113","5344544294","2025-11-27 23:16:19.492757+00"
"2006382893","6786814214","2025-11-28 05:00:27.807088+00"
"6499363352","797847663","2025-11-28 07:17:39.274795+00"
"7870550513","8451398351","2025-11-28 08:30:30.636135+00"
"7295183197","841563311","2025-11-28 10:51:20.814099+00"
"7649530909","6314028978","2025-11-28 13:20:29.224831+00"
"8395067596","5014292785","2025-11-28 17:07:19.304915+00"
"7456519755","2081601093","2025-11-28 19:29:15.424282+00"
"1933860968","1674834036","2025-11-28 19:45:49.215479+00"
"5883704956","1960168281","2025-11-28 21:00:38.326089+00"
"1364010353","1674834036","2025-11-28 21:41:15.719417+00"
"6316337881","1693382308","2025-11-29 04:26:48.469317+00"
"2028118678","1022432112","2025-11-29 04:34:39.219515+00"
"7130255164","7788868790","2025-11-29 07:02:04.538661+00"
"1227540104","6214794341","2025-11-29 08:46:45.710205+00"
"8496313667","797847663","2025-11-29 08:48:32.460751+00"
"7963453467","1150794859","2025-11-29 12:11:28.227342+00"
"8166941752","5209923481","2025-11-29 13:01:25.597251+00"
"6446060706","6214794341","2025-11-29 13:14:47.142457+00"
"5068407705","797847663","2025-11-29 16:36:30.801821+00"
"7634664131","6499363352","2025-11-29 20:41:56.177155+00"
"5782543284","8161990253","2025-11-29 21:30:32.171586+00"
"8161990253","5782543284","2025-11-29 21:30:51.134342+00"
"1033808001","5506770942","2025-11-29 22:08:25.396172+00"
"8034301607","8451398351","2025-11-30 04:52:57.66419+00"
"835814483","5782543284","2025-11-30 05:09:01.263558+00"
"6444430462","6633576620","2025-11-30 08:05:55.847672+00"
"691955732","5782543284","2025-11-30 09:32:24.870283+00"
"7417440055","1055900924","2025-11-30 13:06:41.918931+00"
"6778977126","5798108826","2025-11-30 13:52:00.595451+00"
"6987923370","7876573174","2025-11-30 17:46:45.92831+00"
"1933860968","7277167325","2025-11-30 18:34:42.239184+00"
"7481152641","5782543284","2025-11-30 18:37:16.425761+00"
"6310108506","7501176620","2025-11-30 19:25:41.150656+00"
"6875648957","8132883465","2025-11-30 20:03:10.627848+00"
"7481152641","849650841","2025-11-30 20:22:32.950735+00"
"609821453","6816978900","2025-11-30 21:04:02.330043+00"
"609821453","5014292785","2025-11-30 21:15:51.542213+00"
"609821453","7446530116","2025-11-30 21:22:10.65992+00"
"609821453","6499363352","2025-11-30 21:22:50.118721+00"
