"blocker_id","blocked_id","created_at"
"1098949446","8402831744","2025-11-07 17:20:38.964442+00"
"2056814277","1834543510","2025-11-07 22:03:43.360945+00"
"1834543510","2056814277","2025-11-07 22:31:45.147803+00"
"1570959519","6179841738","2025-11-08 04:05:01.371197+00"
"1570959519","8178595410","2025-11-08 05:56:53.27296+00"
"1834543510","411388600","2025-11-08 08:02:36.24826+00"
"1834543510","382471983","2025-11-08 13:43:24.496711+00"
"1570959519","7277297826","2025-11-08 13:56:37.384569+00"
"1834543510","8355541705","2025-11-08 17:02:23.207862+00"
"1131741322","8183840656","2025-11-09 11:52:44.151286+00"
"6179841738","8178595410","2025-11-09 11:56:11.808553+00"
"7050798852","5010994956","2025-11-09 12:26:11.232449+00"
"1511108148","8178595410","2025-11-09 12:41:05.636397+00"
"8132883465","8178595410","2025-11-09 16:48:05.119568+00"
"2133374158","411388600","2025-11-10 20:29:14.813906+00"
"466664482","1246961688","2025-11-11 16:01:39.480519+00"
"1570959519","5183845073","2025-11-12 04:11:54.662679+00"
"6794069219","7300957726","2025-11-12 09:30:02.164489+00"
"1924682462","6110336587","2025-11-12 11:18:37.544118+00"
"1697011899","8333529926","2025-11-12 11:58:25.514728+00"
"466664482","8333529926","2025-11-12 12:38:41.467596+00"
"7501176620","7038684181","2025-11-12 19:39:59.951851+00"
"7501176620","8333529926","2025-11-13 04:04:22.340751+00"
"1445110293","1738671412","2025-11-13 09:00:41.53058+00"
"7501176620","6499363352","2025-11-13 11:13:22.26787+00"
"7597964581","6412104799","2025-11-13 14:37:35.955721+00"
"1834543510","5183845073","2025-11-13 15:15:36.69644+00"
"6499363352","5736956317","2025-11-13 18:28:01.316367+00"
"466664482","6110336587","2025-11-13 21:06:24.31875+00"
"5779531688","7963453467","2025-11-14 04:40:09.682666+00"
"8132883465","477462298","2025-11-14 09:58:31.519805+00"
"7477178240","8132883465","2025-11-14 11:50:07.233173+00"
"1834543510","7637941482","2025-11-15 08:36:42.185829+00"
"734987473","1570959519","2025-11-15 10:44:35.818226+00"
"1144407205","6110336587","2025-11-15 15:08:26.458193+00"
"8332818063","5183845073","2025-11-15 15:59:24.742326+00"
"6196465621","7826484265","2025-11-15 16:23:39.550987+00"
"6196465621","1453651578","2025-11-15 16:24:11.614316+00"
"7637941482","6110336587","2025-11-15 18:41:41.241409+00"
"5882853663","6110336587","2025-11-15 20:23:10.487989+00"
"6110336587","5882853663","2025-11-15 20:28:29.634112+00"
"1834543510","6065747366","2025-11-15 21:26:37.697139+00"
"7623717059","1216016294","2025-11-16 08:06:05.033069+00"
"6110336587","1396168464","2025-11-16 14:31:18.283215+00"
"1209563482","6110336587","2025-11-16 15:38:20.773473+00"
"6763564039","1722589537","2025-11-16 16:06:38.633702+00"
"1469773444","641739565","2025-11-16 18:28:41.1235+00"
"5786382261","1458735096","2025-11-16 19:15:36.768218+00"
"8132883465","7778388740","2025-11-17 08:22:24.649722+00"
"8132883465","472898765","2025-11-17 08:23:55.294426+00"
"5344544294","437928941","2025-11-17 09:13:10.111471+00"
"7191029735","5384231139","2025-11-17 09:53:59.585832+00"
"6812450872","7277297826","2025-11-17 12:15:53.795139+00"
"1606816319","7675001152","2025-11-17 12:32:46.966985+00"
"6763564039","797847663","2025-11-17 15:33:52.400494+00"
"797847663","289674405","2025-11-17 18:07:36.584158+00"
"2133374158","7431562133","2025-11-17 20:23:37.336788+00"
"2133374158","467224452","2025-11-17 20:24:31.278904+00"
"2133374158","1136410666","2025-11-17 20:24:46.683351+00"
"2133374158","5015840197","2025-11-17 20:25:19.887232+00"
"2133374158","5183845073","2025-11-17 20:26:06.681903+00"
"2133374158","1216016294","2025-11-17 20:59:26.387218+00"
"5781888399","1051864908","2025-11-18 07:26:05.786516+00"
"5781888399","1051120004","2025-11-18 07:40:19.235168+00"
"1834543510","7336509255","2025-11-18 20:38:27.160957+00"
"1051864908","6909260412","2025-11-19 07:02:05.180234+00"
"8132883465","6909260412","2025-11-19 09:30:02.866238+00"
"7336509255","5938779438","2025-11-19 17:50:56.109659+00"
"1113243747","8087177701","2025-11-20 07:44:54.282975+00"
"8132883465","7697057924","2025-11-20 07:56:00.681594+00"
"1469773444","2049114405","2025-11-20 12:32:47.345657+00"
"6786766285","1635258706","2025-11-20 13:58:22.510908+00"
"1846368634","7336509255","2025-11-20 15:55:35.153318+00"
"1426425233","1355082268","2025-11-20 22:42:21.256302+00"
"8132883465","467740053","2025-11-21 05:05:51.145061+00"
"5861336739","8109112246","2025-11-21 08:39:06.526129+00"
"7501176620","6863474564","2025-11-21 12:06:06.612439+00"
"8132883465","6438013120","2025-11-22 12:04:19.292418+00"
"6763564039","1051864908","2025-11-23 17:22:21.763796+00"
"5485565660","8109112246","2025-11-25 18:14:29.836156+00"
"7795615574","8109112246","2025-11-26 10:56:00.161036+00"
"2133374158","538924809","2025-11-26 11:41:38.721545+00"
"2133374158","6679022349","2025-11-26 11:41:48.45421+00"
"558918331","8269238670","2025-11-26 12:43:32.359193+00"
"6418849107","7959360040","2025-11-26 12:54:45.906813+00"
"6499363352","7501176620","2025-11-26 13:59:59.816265+00"
"534717744","7555248366","2025-11-27 20:26:56.841657+00"
"1834543510","1136410666","2025-11-28 19:07:38.113237+00"
"1834543510","6272869186","2025-11-28 19:09:35.008116+00"
"1834543510","1924682462","2025-11-28 19:13:25.514333+00"
"1834543510","1115042518","2025-11-28 19:15:04.973253+00"
"1834543510","430556924","2025-11-28 19:15:22.355196+00"
"1834543510","5531789930","2025-11-28 19:18:23.438726+00"
"1834543510","8178595410","2025-11-28 19:18:33.769721+00"
"1834543510","1722589537","2025-11-28 19:19:03.77913+00"
"1834543510","5618581986","2025-11-28 19:19:42.173269+00"
"7963453467","1150794859","2025-11-29 12:10:24.440556+00"
"1426425233","8109112246","2025-11-29 13:45:01.355701+00"
"1426425233","7963453467","2025-11-29 13:45:23.065694+00"
"554689096","7064762096","2025-11-30 07:58:30.18297+00"
"1913567357","1469773444","2025-12-01 07:50:06.46204+00"
"2052395769","6651110505","2025-12-01 08:59:24.284901+00"
"2052395769","8199846804","2025-12-01 08:59:34.825996+00"
"2052395769","8109112246","2025-12-01 15:18:27.565389+00"
"6369586656","797847663","2025-12-02 11:56:28.174142+00"
"442537417","717829815","2025-12-02 13:15:36.544001+00"
"442537417","5640134534","2025-12-02 18:21:38.471148+00"
"1834543510","8402831744","2025-12-04 09:29:54.404788+00"
"1051864908","7233511077","2025-12-04 10:37:22.284169+00"
"6148511982","8132883465","2025-12-05 08:24:14.884076+00"
"7336509255","8065215112","2025-12-05 09:45:22.72107+00"
"1486823944","7336509255","2025-12-05 16:22:37.411577+00"
"1051864908","8312458446","2025-12-06 12:12:26.408907+00"
