"user_id","points"
"6387738491",58
"982102080",36
"6329187686",1
"7200989713",3
"7890111834",3
"1227005465",3
"7518358424",-1
"7034820980",1
"7767130779",2
"6376944507",4
"5383767114",3
"1446432638",1
"424538416",1
"8104545950",17
"1134214221",1
"7652434229",4
"1866695390",41
"5257188351",5
"795915089",3
"1510400771",8
"7598919025",-9
"6815529351",79
"6317272546",24
"6300649824",3
"6748941571",2
"1142803217",-3
"1241071938",2
"6771479660",4
"5353307443",-6
"5065940875",-2
"828332698",1
"1492789560",1
"5295205792",1
"7227165178",10
"386261453",12
"7001310702",1
"441919191",2
"8050312963",-2
"8474266304",-13
"646650435",2
"2006845639",3
"6555010136",9
"8439156383",1
"1756054636",5
"1377944646",219
"467414995",1
"7612540718",-1
"5669037020",1
"6787838747",1
"5058407160",-1
"554195529",15
"7216257437",10
"6000002479",2
"8399229432",-2
"5255821879",6
"725958510",4
"6153310091",15
"6668297418",5
"1178191672",4
"7302464288",0
"1040430664",3
"5957203901",26
"1201360478",-3
"5371975862",9
"8360713178",-9
"7952605396",9
"8479883161",20
"5822173002",11
"5779963988",1
"915684355",39
"7742144587",-1
"7042485121",1
"853734993",89
"7467053696",-1
"6155445620",0
"2109434551",-2
"7777778194",5
"2006066219",40
"6189779589",-4
"6269106903",3
"1198287475",7
"8061809785",1
"7033091073",-5
"7723505768",0
"1976370970",-1
"5220837501",3
"5405718080",76
"6594293064",9
"5936991972",1
"892966796",2
"1232738206",0
"1028387535",4
"1048723175",2
"6617782659",10
"7297211615",1
"7652594856",1
"7208168261",34
"1315450952",3
"1398770455",1
"1344484979",9
"8002053564",19
"558918331",58
"992103397",4
"7885710518",-15
"7705064630",-1
"8494923335",25
"1294964651",66
"6998598319",1
"7646890324",-4
"1964584066",17
"6060179344",46
"7931141194",3
"7799720735",10
"6600961186",0
"7178303858",11
"5118020368",11
"6616102228",3
"1840358324",23
"5360294873",28
"6685694561",16
"1905159972",7
"7796998749",2
"6303377367",16
"6882554473",-1
"2051226907",2
"6859758081",1
"1188418591",4
"1553358753",-3
"8327870332",20
"1655961760",8
"7114033254",-2
"744595624",1
"5164214088",14
"7868086659",-20
"8180832519",4
"5795448940",-4
"993678386",1
"6032962596",21
"5183845073",-9
"1892969945",1
"8254532646",0
"5560859493",9
"6895374705",21
"1764007220",1
"1213489463",25
"463166064",-6
"1458233131",5
"734910799",19
"895763106",1
"540041616",79
"1355621693",3
"558873685",0
"7032013638",15
"6273143363",2
"1467290528",1
"1447145353",1
"969243658",7
"8082950145",10
"460398012",3
"7367236185",2
"6667142056",2
"762880620",14
"429713086",1
"710914858",1
"7989148946",2
"7581607106",1
"7264318157",1
"1905251589",30
"5873910627",1
"6931225160",6
"5007487369",-7
"7627824015",7
"747057441",2
"927283246",1
"842703365",1
"1233811688",3
"5182627541",4
"823966562",1
"588472235",3
"1816384192",2
"7838410273",3
"777041767",2
"528264537",10
"1553062586",1
"1294117753",1
"5400588836",5
"1325616724",54
"715312861",3
"1607487143",4
"8466218311",4
"579422697",2
"5678353953",11
"915522894",4
"5707255275",1
"855984276",333
"934679259",9
"7223067925",-8
"378365510",14
"6466368614",44
"5531353996",2
"5773334100",3
"6198210805",3
"497413627",20
"7013708229",27
"941882909",2
"5885228554",39
"1678094613",1
"8141527168",2
"923216949",2
"345053113",1
"653854055",3
"5584261496",1
"1710233733",2
"5345330331",-9
"1492909948",3
"1983898804",42
"7324135999",4
"2008628140",3
"5941259507",1
"7656221831",13
"5318661905",3
"454323939",3
"5124980336",6
"8194063313",7
"1707172748",59
"7265239326",1
"6200273243",4
"1212544707",2
"1996067089",1
"5470834374",6
"5918213267",68
"1516923603",11
"8182057083",-6
"8066463011",6
"5860084904",13
"7359357860",0
"8312119893",3
"1614161380",1
"1989624479",1
"736309454",10
"8369824032",1
"7757304984",1
"971519099",6
"621170505",5
"7509748186",4
"879559210",3
"1063568395",8
"5803231802",13
"7441787503",-2
"7466895096",7
"7370636401",-4
"1532534530",3
"6294814541",4
"998659429",2
"5298057898",26
"316638964",36
"8407359796",6
"1912132247",1
"1019991260",15
"1306320438",2
"1405521830",1
"887438912",13
"7222244857",50
"6834002635",39
"6794354940",-18
"5682850315",4
"1121019958",6
"6255131590",11
"7339214859",0
"1090728787",20
"1198574771",1
"7084003937",21
"822312597",-1
"511140559",1
"6179841738",13
"1309276007",104
"8013454306",1
"7293631010",55
"491905703",2
"7196405337",-3
"5488401357",3
"1865500074",2
"961676712",-6
"891823250",58
"6620268645",0
"969223988",37
"8111215072",37
"2139830106",14
"8024242540",1
"8388407345",7
"6999814323",55
"744979867",5
"576512135",5
"847569869",26
"5856012764",1
"901795499",3
"1956479371",10
"5748734973",-1
"5947612565",18
"5707380773",6
"8193319092",-7
"1882571580",2
"1931647926",3
"1164557619",-5
"1107422814",34
"1984498244",7
"5595744342",4
"1716418081",6
"5484165658",39
"6296393748",6
"7679369663",55
"6953669095",4
"1164469702",0
"6177070763",18
"6335693962",8
"1121963383",1
"7407858484",-4
"6821662756",-8
"6704544049",-1
"6793115281",1
"1879461720",40
"7838626961",19
"1583149562",1
"1235482472",1
"888801299",1
"6786193496",-2
"6557474517",26
"8133251216",1
"7577123537",-1
"1417859054",0
"5785896687",7
"527981509",5
"6666962466",50
"856370712",7
"8087406490",-3
"1587986968",1
"1423318617",9
"7782593255",-1
"8132334378",-5
"626552031",0
"1374262991",1
"869366545",64
"5966722613",23
"6653194420",1
"636808362",34
"7849776289",85
"1089687092",1
"1289989521",1
"5354184852",23
"1180637167",2
"1239088988",1
"6677448256",2
"910605574",1
"1890680749",7
"6378224007",1
"726403353",9
"5608273890",-8
"8189236548",3
"422733508",31
"5156241655",7
"7715482142",5
"1945218066",-18
"6727506898",50
"5237102694",-170
"6134100531",3
"720598392",4
"7073092302",7
"5799933418",26
"8096821340",0
"6290298317",2
"2099454675",15
"2051417267",-5
"1009930972",16
"380424713",3
"7732498367",72
"7419914599",43
"903963080",1
"8241612970",3
"683969664",1
"1843982764",1
"679454829",9
"949915518",24
"1250283277",8
"1450395761",1
"8220993364",1
"6033297408",3
"1592107509",35
"429264537",7
"6615059420",-8
"6831414453",20
"1960168281",91
"7830855241",7
"7204059348",1
"5560366293",8
"960722772",9
"1468663800",50
"7531904484",32
"6311892725",8
"7397324997",25
"8341656991",12
"7015892675",1
"1324783321",6
"1687141840",20
"7985867398",-7
"7569084447",13
"5373506205",16
"6872092825",-16
"7487681492",4
"400568980",5
"6044095332",5
"5059406994",1
"8142429973",1
"7541370984",2
"6666555613",29
"1205769314",2
"6344682126",8
"378574446",22
"1973712204",22
"1474128858",-1
"811092933",21
"1851424766",44
"5924560478",16
"6853517208",1
"5263144977",-2
"5164922669",-40
"7862773644",12
"1738280094",1
"6995618210",14
"7328290971",-9
"1265797474",-6
"5022537630",17
"6716965104",41
"1413172487",4
"7398817495",10
"7794029341",71
"7171145456",35
"1710730542",12
"5481304944",-8
"1636557479",2
"8081744520",26
"8033265334",45
"8109004831",-1
"7716139400",12
"8301041675",1
"1707289401",-11
"701451065",2
"8421592857",64
"6071514068",5
"5535601170",5
"7727994807",1
"5615035462",2
"1107452902",16
"7818585845",21
"7988209946",30
"7117160830",1
"789530281",40
"7195183977",3
"1762956875",-13
"7044910412",27
"7694460089",4
"7108642817",4
"5359690831",3
"7148184820",6
"7911022199",13
"2086996736",1
"6006953321",0
"6314028978",76
"5729532610",22
"6818265421",1
"749529411",3
"6177798963",1
"949586948",8
"6615101864",1
"456020045",37
"5489505685",1
"6920032708",6
"7431974989",5
"6589740093",1
"6358082880",1
"6333691485",59
"567040342",1
"5925322608",49
"586028292",11
"5842138677",2
"5075279482",8
"5728928266",1
"5308914247",15
"5594060290",14
"6213093277",1
"708223250",9
"2139411309",8
"1881555924",27
"510837131",3
"6502978838",18
"6445416721",6
"349090281",13
"8297953120",6
"1569932018",3
"746567575",32
"5717189460",5
"6564357184",3
"1568742526",1
"6224052171",1
"6709840845",1
"7352212195",73
"1074280546",16
"5719371095",1
"5496257175",-1
"1978418263",1
"8109112246",-131
"940131376",0
"7940722669",30
"7700558431",2
"1199863915",41
"7248942376",1
"6953908944",9
"1713404904",0
"8232147671",4
"6331353971",-10
"6079604681",8
"1879428614",85
"763440072",70
"8288253399",1
"6656173981",0
"1087652603",4
"8240059280",7
"5588977736",1
"7519321814",2
"7018030337",23
"1180600806",33
"1952376780",1
"5971694983",20
"6718503615",6
"5655881173",20
"896207190",-35
"1138065787",1
"809624611",34
"6555318648",1
"6000189961",86
"5313962840",-47
"1898261795",2
"1006915047",1
"5012082220",5
"6763901440",4
"1011663493",3
"6568187174",19
"555630197",1
"1316235270",14
"7566403730",10
"1674917809",1
"1884655906",6
"6139233349",1
"667900021",50
"6930563706",1
"5261108402",1
"1525233004",5
"8366637045",-13
"887552308",6
"5822770814",3
"1722998874",19
"6631631388",33
"5035206856",1
"5393279584",16
"6984583819",4
"5513521167",3
"5404545206",0
"1225525327",25
"812854040",10
"7518194719",-2
"1286904118",4
"1807039086",7
"7052354062",3
"6143879269",10
"838880186",43
"742348967",185
"1123103615",11
"5048962840",6
"1794187848",-79
"7797935654",1
"8460361533",1
"7074327370",6
"6672432978",1
"406562733",5
"5908680052",14
"198390956",3
"7886475198",43
"784534416",-2
"1745839855",23
"8069652882",-10
"8191641097",7
"1873783694",58
"6002436158",-2
"8411844354",-8
"7397211753",8
"1154071314",40
"1101807963",3
"7111139275",1
"1404529853",-2
"6110336587",11
"5655941674",7
"930889739",-1
"1017242371",28
"7616136533",22
"468532812",-3
"1206269805",2
"6597325229",1
"861431347",-4
"6163220554",17
"672788523",9
"8327513172",24
"7541294991",30
"1886189335",18
"382297850",84
"1771338945",29
"1376099457",8
"7051941305",9
"1704326359",2
"1847957853",4
"1234906877",4
"8429533625",-1
"5158239783",3
"5338235721",-7
"1811133756",-3
"7535729424",-24
"8200911384",56
"6703671713",-1
"525433519",3
"1037533835",-7
"6572466672",2
"6070067974",1
"659418721",10
"702684523",-2
"6875916407",20
"1112901936",12
"6356794347",6
"1374514441",2
"921560950",9
"6065747366",1
"1779413068",21
"6798147859",0
"2107806831",31
"7913421279",22
"1479736147",12
"6471040278",1
"925813161",32
"7785557341",3
"1950857312",1
"6055871474",7
"6562875598",9
"565473198",2
"5777784450",2
"5644207381",20
"6460493343",1
"1342514053",0
"2145987525",3
"872690594",338
"8350809467",1
"5915978311",-1
"5227814952",15
"6684366028",7
"1125094356",1
"6260188539",14
"5686257332",-7
"6119504141",2
"1512665534",1
"6361091711",1
"5284181332",15
"1015356846",-1
"1070489007",3
"969703633",53
"2100636247",7
"1377149133",60
"6651110505",5
"377859046",7
"8256019339",20
"7622057112",3
"7058670155",8
"1772914793",11
"5259803683",3
"424858693",11
"5819395386",-1
"7574362495",-5
"6458234898",76
"6368264854",-2
"661830998",12
"867220681",6
"1073430053",12
"6659516407",37
"677664620",377
"8373033343",21
"7591559027",-5
"8067935319",1
"8223908260",32
"5444184466",7
"1889212990",3
"1297290759",3
"7647636604",6
"564928523",6
"7555558810",2
"5945258137",1
"491301283",8
"1201453400",119
"7273445414",16
"6922947198",5
"993979239",1
"5018150368",-1
"630305682",11
"7919816582",41
"1764158249",-5
"7052226379",1
"5472385307",-4
"1051120004",314
"8303942130",5
"7464915334",48
"863020922",9
"5439435615",11
"6792977278",9
"5201913935",1
"8346655732",1
"5878916905",3
"8323485423",4
"1921360650",0
"7127756788",34
"1486813509",1
"5354050812",3
"7839042750",4
"8369441606",-4
"720480716",-1
"6053083069",3
"2081466025",1
"1246650751",-2
"7457480544",14
"5995508885",46
"1215782140",48
"5210247792",0
"7856689943",-1
"7792172477",93
"6447717442",1
"1721491168",4
"856677581",3
"1508445363",2
"1888121263",2
"7737980575",1
"6909260412",-23
"1092294687",-1
"5898132295",6
"5398360915",88
"642446361",2
"934372311",31
"6067458886",2
"7380478903",-1
"6580770782",2
"852445260",1
"577301548",3
"6536602989",12
"6591535221",11
"657241914",196
"2126351769",45
"8333529926",10
"8102206190",23
"6456802680",20
"1149090595",-1
"819274270",8
"5104100272",45
"5007496968",39
"5830348060",2
"7656781253",3
"5988530494",-1
"753215699",37
"467686200",41
"572139967",4
"7505602721",0
"5302916373",32
"7284971782",8
"493103555",6
"930557265",2
"7428199875",7
"843277183",5
"8436061444",7
"1391231134",5
"5786382261",269
"8163545935",9
"2015126700",4
"6602265246",2
"5777117672",2
"8537745249",31
"8253638406",1
"8100773083",1
"8325814386",13
"5584549133",2
"444502039",22
"1959444513",3
"1800428089",0
"1437094136",2
"1820869052",1
"1967012867",12
"8113132828",1
"1467983865",1
"6812134374",4
"885907153",1
"260329846",6
"5290618285",-12
"650710260",2
"808200856",-1
"7955438191",0
"6981232498",44
"7821692021",17
"8262150907",22
"2058326322",76
"1366336315",14
"1265257297",16
"397398437",7
"5773816231",0
"6904498279",4
"5255401657",5
"1946356936",8
"6466535481",-1
"6489077978",1
"7404196178",4
"6208736584",2
"697288224",22
"7697037518",0
"1978240812",-1
"1381462660",51
"5286508673",2
"1304480227",8
"1077975826",1
"304363418",1
"5928683579",2
"1988367927",5
"1221140370",22
"1712957443",4
"7057271959",9
"433753640",8
"858686515",1
"5740495285",0
"1381360356",11
"891142041",18
"6066296068",3
"5916895217",2
"5356698843",7
"1020692984",2
"7973649446",8
"7746839261",7
"1465944838",-68
"1118771319",15
"7954332756",52
"8417375307",6
"5741784151",62
"6758272834",7
"915380448",5
"5237052275",3
"7949458690",15
"2056814277",29
"6839738518",-4
"8267315453",4
"641209842",4
"1099537419",275
"5352706545",4
"7770777136",68
"6805817288",1
"1693663815",6
"1922067686",3
"623247192",-2
"1256734895",-1
"7075013793",15
"7932524840",13
"6385827346",2
"6144296936",4
"905154272",-5
"1437986570",2
"5889137109",1
"919898472",32
"7721855881",51
"686999489",-1
"1363934678",3
"2134896128",1
"373477540",3
"1877676903",-2
"7402574411",-1
"7750888286",9
"7529372918",1
"5083963761",9
"1187601489",4
"6649520121",3
"265085743",13
"1211451626",11
"7495659645",2
"1206033302",7
"8427522087",17
"6873479144",27
"7112126818",17
"473347605",9
"5489152757",2
"420765209",-3
"593008862",1
"7191029735",120
"831121601",12
"1394157345",2
"872940796",2
"6979737123",3
"8458944637",1
"616814686",13
"5453913738",6
"1495445327",11
"7173995823",14
"5822977151",7
"6392565522",139
"1828265801",-6
"1461603069",9
"6901442416",46
"5064234902",4
"8106116509",2
"5108131388",13
"5194677184",165
"6942216034",1
"901269701",1
"6256231855",4
"1078079158",-1
"7916987265",4
"6088735156",9
"6900146998",-1
"1045227424",31
"6114827372",78
"5515011338",11
"1345263378",19
"5700209240",3
"8521308273",0
"1200348601",29
"7531439674",17
"1015079033",-4
"5799918161",4
"1233599146",1
"7100984468",1
"7475473795",2
"6557982583",21
"6927034075",2
"1608540785",1
"874902262",3
"6787538972",1
"1511164326",5
"993965759",1
"6698711727",3
"852097868",1
"593291578",130
"7643005178",8
"1762826118",1
"734942475",1
"7245233149",9
"1337831044",22
"7354157233",2
"8172466679",23
"7753394746",50
"6502408270",39
"682493127",1
"8520755015",1
"1262737211",24
"6954278308",1
"1768637821",0
"6378873471",1
"8268486849",4
"7320315003",3
"2012907470",110
"7232290783",2
"6915742767",-1
"1410479893",3
"5337480635",3
"1989966817",3
"533285204",143
"1166396812",0
"1369357501",2
"425585187",6
"428995055",5
"839683601",2
"703138365",409
"7999619639",-3
"5737057591",6
"7954911886",0
"1069047745",30
"906589246",3
"6505194041",1
"6693251304",15
"923161634",45
"5786460596",18
"967771245",-2
"8066865996",15
"8206338149",-1
"5260266739",1
"1739311795",41
"7135241544",6
"6831091115",39
"1351722380",1
"1340520090",0
"7826912463",3
"867843877",0
"730412993",93
"7553206571",11
"1263821322",22
"2142010713",2
"5718753639",6
"5500799163",9
"7966986352",1
"923765438",7
"5397395655",3
"5938838493",5
"1321298456",6
"308969638",-1
"6806109873",2
"483614908",2
"6219805411",1
"7242996555",4
"6855226220",143
"1692434082",-2
"1388516911",-6
"7724848115",310
"7044265487",12
"7062384766",6
"5197369411",8
"364741364",3
"7618212184",4
"7365865326",2
"788646678",20
"896691306",24
"5010994956",63
"227693167",20
"7748469959",5
"5527581742",1
"404744746",22
"7049239627",4
"6465559648",2
"404626936",1
"6786766285",10
"408919089",7
"5122616757",1
"7841988963",7
"5002900222",2
"1438441215",13
"5573602060",53
"705139994",5
"984655297",11
"1158727768",1
"1694744709",13
"1032935276",14
"7646748563",0
"6692034060",147
"6380713772",2
"1690126367",1
"6574632326",8
"1730509668",20
"8002653681",12
"1484716843",6
"935032865",11
"1305273494",3
"7079254649",10
"7472706514",8
"1053241387",99
"5850180859",10
"8433905567",-6
"8066757261",9
"7826484265",30
"7352497559",8
"593700817",8
"1751867906",236
"7404933406",10
"8147054321",6
"7926937581",48
"7231257941",46
"6339565954",14
"459317446",1
"922885800",19
"303193152",5
"1658094061",8
"677713914",1
"8262477776",74
"7758177630",84
"5651449413",-1
"1906829699",63
"877202172",1
"6704002948",4
"5080699740",12
"1703913394",-2
"865100970",1
"7059279813",2
"895530345",1
"618342665",61
"1634785976",0
"5690204558",5
"7561229393",18
"5606001711",0
"7196123263",2
"2012357134",18
"5067198717",8
"7401519480",4
"1740016324",3
"7403646873",-16
"1880763171",3
"1502453204",7
"7340025825",0
"7891655383",0
"1426852170",6
"8052731904",14
"1262778833",0
"826739775",-1
"874108019",4
"7236985456",1
"5699666198",3
"837593135",31
"655616957",0
"7815506754",0
"718942118",-6
"1607179786",5
"956200875",1
"6158077486",3
"807504058",1
"6147196337",0
"653824041",6
"1460085672",8
"5850421754",2
"6870245023",0
"6607729817",2
"7161181638",8
"1145862362",0
"1984303263",-2
"5914787363",2
"8189007505",12
"1793674046",3
"5985223905",0
"6231337856",9
"8465583346",9
"1034364537",9
"1451765002",2
"6167158821",156
"1391174363",14
"1795235813",8
"1588710434",8
"690152859",1
"691617834",-4
"8458798992",2
"7729867929",6
"882706272",0
"8071673501",2
"758080314",110
"2067005716",12
"7931937025",45
"968017615",10
"7491248715",1
"5416031956",76
"1164080149",1
"7292548349",2
"6335275436",0
"7144809772",8
"7742519818",19
"5376506038",4
"5405848539",80
"7795615574",22
"5300432407",-1
"2003840911",2
"7589086335",-2
"457252038",17
"471464190",0
"1038280447",3
"7122032231",1
"5299450279",1
"8036962329",7
"1494988153",26
"1055533289",0
"6541293970",2
"1186932520",0
"8286691030",7
"6971854380",0
"1769378881",1
"5681344698",0
"745176520",100
"5650409458",42
"1428162389",0
"1030900911",3
"8133207412",5
"937977002",0
"7032471507",1
"6102147025",16
"7541969960",1
"8135068083",5
"5343833986",7
"5071109950",-2
"864987079",0
"6845867464",0
"574218193",1
"7426364599",0
"7598638856",0
"6094202074",-15
"6269979770",0
"6973320929",-1
"7325946122",0
"7413384637",101
"6977498967",1
"6327308100",3
"2064307832",1
"5730715129",15
"7175004272",-8
"1426071886",4
"6380670350",-4
"1736084178",17
"7207009148",37
"6040412108",19
"7911631857",-37
"1967468387",2
"5351361771",9
"1819122882",26
"5168658498",0
"6526766292",10
"2012519906",-30
"8317962343",2
"5432644182",1
"1787548595",23
"2041585188",36
"5011355321",35
"5799592350",-1
"324316365",5
"8034640159",3
"1518824836",16
"8425643190",1
"8008734645",23
"5496394080",6
"1168047801",12
"373394765",7
"7652785315",7
"7226232217",42
"7681628337",11
"1065479461",4
"5527748575",4
"420142158",1
"828772819",0
"5852199411",4
"7219037612",0
"5546191537",0
"5851577403",5
"6008551230",0
"1565938708",0
"6941320246",0
"5633277706",1
"747920037",6
"1677137155",35
"5438163291",5
"6635182588",0
"521956790",0
"953854600",47
"7076601865",0
"5811170332",57
"1239781185",9
"1345996732",0
"7227544731",2
"490351831",0
"6448471632",0
"1030581578",3
"828147938",2
"374702266",18
"6819319491",0
"620183759",0
"347834061",2
"1923055831",5
"7610407718",8
"1165404020",1
"7198449192",1
"7926366260",9
"7062800588",8
"2001920875",0
"464531727",0
"2004944079",3
"6712104573",0
"5508061924",0
"5224167742",-2
"6053843776",8
"7619709110",4
"579014332",171
"659920923",1
"8116874211",0
"1244569417",2
"5786328315",5
"6139006745",0
"798425100",0
"6243413805",1
"1620007280",0
"1182623808",1
"7646459048",0
"1005931500",14
"7559215578",0
"1256886952",0
"7230240355",0
"7479755466",8
"654091600",0
"891482424",0
"6669251323",0
"6454701447",8
"7771705901",24
"6311885847",6
"1265833766",2
"7976749810",0
"6278917818",16
"685621421",0
"8179959742",1
"6519541201",0
"5937862250",13
"5654559984",10
"8189282300",6
"5552979229",29
"1442199164",18
"5463555581",5
"7149512328",0
"801473820",1
"7300950041",14
"1801191508",8
"5208564213",16
"650706491",7
"1030303308",1
"5789184034",6
"6344107715",9
"7681633634",-12
"1216577068",31
"1454383459",10
"8054428677",131
"5885931290",5
"1442478226",-20
"5661591548",-8
"6255266365",16
"1345563833",36
"5296737336",-9
"8115373343",171
"6832567168",0
"2031076896",28
"5423407650",1
"6507987020",184
"5769048459",12
"8115862116",12
"7672449932",2
"5092828766",22
"7295887617",7
"6571860550",5
"5916861454",29
"5336068627",5
"7570269180",66
"947799113",49
"1663910124",9
"2082630193",178
"1712195775",10
"1250920363",18
"529129628",19
"855757095",30
"561687341",7
"7293939479",49
"1847533415",40
"6950614523",5
"1161833080",4
"1730816223",98
"6025420085",40
"1740290858",11
"6834402839",16
"6906434342",39
"1485363092",39
"742591854",1
"1243385307",6
"5288891339",4
"5505407559",-4
"5320910224",11
"5992972303",26
"900188307",6
"5431888831",8
"5561993974",10
"5571375803",27
"8104339826",27
"1366621938",17
"1701369533",27
"6913252945",29
"5010045432",4
"859504305",316
"819530621",7
"2010617316",7
"1544101442",30
"7189597761",-2
"6331087112",5
"660909471",29
"1244817387",-2
"955679410",122
"5483107736",23
"6561325518",21
"6904941740",1
"7978837184",30
"6091033153",0
"7135329381",23
"7897386358",98
"1131741322",21
"7542970800",11
"1575247979",34
"5977333168",25
"6960656347",82
"7181066345",44
"5609772200",-9
"5309563112",8
"5396646037",30
"5985876829",134
"5989057878",28
"1027859762",2
"6066859545",38
"807208146",-1
"1565005229",6
"1378427852",3
"1057748295",0
"7476554481",0
"5145667081",-2
"2084277363",1
"499993297",1
"1006830780",0
"7741338868",1
"1601858306",2
"1342810261",6
"5896875138",1
"6255811347",0
"1106271255",1
"1245144039",1
"5155871336",3
"7260661379",5
"1666565021",78
"627904304",12
"7612065425",0
"6070029100",0
"1282217737",0
"7872722963",10
"5457338642",12
"7494365031",0
"1210611270",17
"395548450",1
"7523912591",0
"646213863",2
"7408571283",1
"5642294294",2
"7712292484",3
"896944300",6
"7380257592",0
"5716282913",8
"7531386527",3
"5055052427",4
"7577032990",1
"6593144333",6
"7780088995",0
"5384231139",184
"5594869976",1
"7675052189",0
"5884136763",1
"1947931783",5
"1651940164",2
"6344569931",0
"638896037",3
"5752337678",1
"5562051652",1
"659078310",0
"6824559410",1
"1377625991",1
"752556585",5
"7314003104",-3
"5909755442",7
"7611004087",20
"6196418306",0
"7215576450",0
"2007465511",0
"1414361208",0
"7014886150",0
"7420412043",1
"6602105388",1
"741781956",0
"7273126864",0
"5766457497",1
"6422496097",64
"6529928618",13
"6206984436",8
"7493275550",0
"7852535272",66
"8450446314",0
"5107955094",4
"7778958194",0
"6095625613",14
"7047794975",5
"1037187156",6
"5992333727",2
"5798487488",0
"7779879365",2
"1648185602",6
"7192949507",0
"6750736635",1
"8198573368",1
"5605787269",0
"812744979",0
"5692458029",16
"6146529818",1
"6331746467",8
"1892478617",0
"6271519297",9
"1935534344",26
"7248002245",1
"415867583",1
"1088868597",2
"6644134558",7
"538053563",1
"5761733018",23
"999086586",1
"450111717",-6
"7115695564",13
"7202700575",5
"1708687317",23
"5079599953",5
"1427336078",16
"6142542468",73
"515530600",16
"945605281",34
"1014465849",50
"1125976917",2
"1270165103",1
"1209614534",14
"7442471091",9
"936817829",31
"5381673363",42
"826346643",35
"6685543389",275
"1381109644",12
"5975364886",16
"5683475264",3
"1910509637",25
"5571614453",1
"1025508479",14
"5707186460",-2
"517458488",4
"439294363",1
"7225161168",69
"6175067580",12
"1865896234",1
"5070852576",5
"7333690377",16
"1887836531",12
"8166020802",3
"5419135770",5
"6910319168",59
"980838324",8
"532351919",11
"5539448340",26
"1869413970",-8
"2077130336",-19
"420521982",172
"8173993765",17
"736423291",11
"1342680776",2
"560125806",18
"345821233",1
"587459532",3
"7578307771",28
"1433920618",3
"7942449772",-1
"7127940415",0
"405415965",3
"7148948157",0
"6515375892",6
"1401480687",26
"7288060599",-4
"543435634",14
"807536826",24
"895157634",5
"7000922960",21
"5220371517",30
"6560500320",3
"7239352530",28
"874301139",114
"7629653512",18
"1639506071",67
"1963516475",13
"6685336300",5
"6131732159",12
"6298848613",3
"5350795482",2
"5549429806",7
"629555119",8
"8044177169",0
"7622171667",3
"7667946290",3
"6605381221",0
"883664551",21
"421626103",1
"1209966748",1
"5163477913",5
"967871406",0
"1146030408",0
"6551032466",1
"1338931208",134
"1464568507",0
"5169177561",20
"1111511680",2
"1082821422",1
"1059534848",7
"1173536203",0
"8195982554",0
"5275195619",4
"7738087441",0
"7678637317",1
"1763820422",0
"901540192",14
"1102617665",0
"901115796",0
"5877203475",1
"1124480807",4
"841156077",0
"1586005615",4
"6982680135",0
"1489729117",19
"6753078320",0
"5083380622",4
"6160437513",3
"5378089615",1
"6526485500",11
"761091295",0
"437062571",0
"1359345779",5
"813473447",0
"5112263214",-1
"7212450335",86
"2002330152",2
"1075950606",3
"1455373350",6
"2001804404",0
"6477376650",0
"5742724453",1
"1516039134",0
"7556183083",4
"5623289480",1
"774164233",-1
"7246745435",2
"1130347596",13
"427189883",0
"482253775",1
"5674541265",1
"6886183408",9
"1168562176",1
"1498843379",0
"6391272133",2
"1733597118",0
"7265911473",6
"986881441",0
"1865409483",0
"7781654403",1
"1039693482",12
"5960797456",2
"1936800963",7
"6007686645",20
"6057366058",-1
"7296436922",2
"7101179481",3
"5753941397",0
"1532343597",2
"781172310",0
"7584236275",0
"7560815560",0
"7362786329",3
"7505802027",0
"6741926900",5
"1317184071",6
"6064074358",3
"780591800",82
"1444542453",3
"727025739",21
"5132310651",7
"7266066800",0
"6252427951",4
"6923971402",0
"7784990622",0
"7597149156",0
"6462134341",3
"386329921",2
"1171735148",8
"5407215531",1
"5657044581",0
"6483526618",0
"6955942857",0
"6248530889",2
"6391641325",1
"1452476103",1
"5563459400",13
"7006001251",-11
"2098930336",3
"5449153474",13
"6132106762",9
"6376443523",11
"5992805201",5
"5254274994",29
"6118940664",0
"1781367090",18
"7278388292",3
"5235269177",1
"6930788296",18
"6859332750",3
"6652411080",-2
"796146421",15
"1184308901",5
"1435482858",17
"1081290216",75
"6772626550",14
"5852328668",-1
"5713614056",83
"6652418571",4
"712810282",9
"1340848333",71
"7488651797",4
"1948738737",12
"1736757099",8
"7173044659",3
"6585623660",28
"1751884518",49
"6824094661",17
"6854317836",79
"6505114830",0
"7093498653",16
"872388641",1
"5189934287",-2
"6171506896",9
"6066758984",13
"1711173076",29
"6082115200",26
"1152503968",2
"7794423025",-18
"6300074389",36
"5668641830",19
"1186552366",5
"564768312",10
"1920073319",9
"743532850",1
"6571418897",37
"6453417512",31
"7030584150",14
"837132956",37
"6202081956",24
"5765951096",8
"7181072073",34
"5354448612",32
"2134524585",11
"6847132077",23
"5464341880",0
"1388948904",38
"905960167",5
"1156342174",1
"1981302048",44
"8119430904",16
"1365443832",30
"6389755257",2
"696170146",0
"5630712504",6
"7447960222",3
"8217600370",85
"7492085693",1
"5233743501",19
"1662943422",2
"1239367607",0
"5539664282",1
"5718583019",0
"5872005695",0
"1113215286",0
"6427549296",0
"1984366450",1
"7466493666",0
"7761330241",0
"1812483974",21
"7421581161",0
"6838583770",1
"678175656",46
"1413175350",-1
"675647328",7
"7492263593",0
"6921648424",3
"6303072316",0
"1076635519",8
"1435019063",0
"5205447462",1
"1718714072",0
"7726740364",3
"7898754376",7
"727896738",0
"1949078231",7
"5723927134",37
"7721965551",0
"8111944366",0
"7714483567",-1
"6066017005",0
"1425908186",2
"7101269896",0
"7000198296",0
"1766191264",10
"6532548051",0
"7847553388",5
"1466462350",25
"6483134417",2
"6943199835",1
"7910005349",0
"677487402",0
"7531836547",0
"6020099934",0
"5226798295",13
"6995051303",3
"8151025176",6
"7637175761",0
"5112382320",0
"1116539138",1
"7790825950",0
"801301201",0
"6139824288",1
"439870114",1
"8023279592",0
"7629883828",2
"901802406",1
"6422502525",0
"7164345997",0
"6611101030",9
"7125230389",3
"1063314829",1
"1449584738",0
"6330682716",0
"1089008391",-7
"8053524660",0
"8063092996",10
"5015117566",3
"1045218100",3
"5933440049",2
"6993562534",84
"1758525889",1
"6160727207",-4
"6839822722",-5
"6758824963",23
"683065584",68
"5624479802",8
"7738404222",17
"1211299696",36
"1941769417",0
"8104874690",3
"1033975392",1
"7375338514",6
"6916959795",5
"5907640145",8
"794849648",11
"1268777032",1
"664242494",1
"905422311",0
"1240825906",2
"1142057963",1
"6948892451",-6
"1500215642",25
"6525724910",29
"5948733023",47
"6757711595",106
"1164391835",16
"1051924742",24
"996323524",4
"6643822256",2
"7210483995",-1
"5970974084",-14
"7859260219",11
"7961336280",43
"1849516415",2
"1373246653",1
"6432611911",9
"6810598694",-1
"5372882067",8
"8038836267",73
"5763984527",116
"7477066526",1
"5465858554",9
"1298762938",4
"6026025880",38
"5695869643",-1
"580216861",32
"1331644929",7
"939181445",27
"5810456094",13
"1479125909",2
"7735058045",98
"904105918",37
"7415627929",5
"6474930192",57
"1383631805",8
"7338885261",-22
"7862691707",-3
"5510545863",-18
"7893959815",2
"7692283596",38
"7499038197",43
"1701238322",9
"1668639286",21
"1364086086",6
"1597201898",9
"7999867339",38
"1415112813",7
"1073897353",6
"7776561163",5
"6670787583",233
"7637131157",1
"1208984310",10
"1222542336",284
"6530970824",18
"1874803904",8
"7840971838",12
"1911948899",60
"1746332408",55
"462966491",101
"1968525450",27
"7048187410",6
"799719383",175
"7057818028",22
"8110187125",2
"561460893",31
"717205055",26
"6748194127",0
"7100039508",1
"792048232",4
"571847306",43
"6946713163",62
"6585372749",12
"7928364992",-8
"996843634",0
"776152132",14
"994078692",7
"7154176517",18
"468381792",120
"6153247958",29
"6310720133",57
"796224284",3
"5357012195",8
"1547014024",57
"7869619258",3
"7795801719",0
"6847055168",0
"6762118666",0
"7448489472",-2
"6860500033",2
"7134355056",1
"5243698236",0
"6961387894",1
"8004072848",3
"6772309756",0
"7812380761",0
"1929999313",0
"6438375349",20
"1184321336",1
"7947480696",4
"1458293699",0
"5874126715",0
"1021135519",1
"634536224",0
"599540978",14
"471736288",0
"7819723183",0
"974118880",5
"1113003650",35
"7929846677",33
"1443753779",0
"839638945",15
"5949936801",11
"1087378018",2
"2056146829",3
"7454748542",0
"1259684056",0
"5401842279",0
"6306322359",0
"7952442903",3
"1028783008",0
"2134497067",0
"6825123040",2
"5251438293",1
"6557701408",0
"6873994819",6
"5536484775",0
"7778229468",-1
"7776244989",11
"8276851848",1
"687562855",0
"447117401",5
"5000677554",16
"6050829716",1
"7157983950",-2
"5019386373",3
"6259928234",5
"7696561635",1
"1817792176",30
"7865060362",4
"1416135188",2
"1667785061",1
"8176616937",0
"7997426290",13
"2084326100",0
"7553536990",1
"1466500575",1
"5686878552",0
"6860255877",19
"1367278343",-7
"5589013159",1
"6823024843",0
"683867125",7
"5008405591",1
"6966504493",0
"590463306",0
"8140763984",-10
"801874336",3
"5351060189",0
"7482390558",0
"8109886478",1
"8305804441",5
"6184838934",3
"7726323339",9
"6214464092",0
"1147224077",1
"6482348729",6
"1011634385",23
"7682003131",1
"1959084385",14
"6831239623",2
"1250399348",4
"678984223",12
"1190974234",33
"6403314994",79
"449111634",4
"8119681491",35
"7335529500",1
"7996467948",76
"636039187",7
"8031089674",4
"5206747011",6
"1470324488",12
"1211607170",546
"8096218109",12
"5393052992",169
"7225030088",6
"896753024",4
"7284658194",118
"1617930386",8
"6481433876",2
"5595678884",12
"5959249059",152
"5208295770",10
"5038281970",175
"7998380451",23
"7213390613",4
"1334210901",-4
"6582154303",9
"1161799353",4
"6367489225",42
"6868499362",4
"7321547804",8
"1026676664",2
"865658635",38
"2065816806",15
"7887417172",7
"5875565744",149
"6535171856",9
"7344878929",16
"6095859767",-3
"1682920108",-4
"6236787886",1
"1406224073",57
"8417118194",70
"669168716",4
"7525625213",274
"351356603",9
"1050605523",11
"5689969991",0
"964513050",33
"5691045396",56
"732273863",54
"852303033",23
"1226051366",74
"1617143846",60
"1944019831",26
"7494838216",9
"7168900029",284
"7991022223",7
"7453612566",2
"5647903240",201
"422194592",25
"1292687770",3
"5856473220",5
"5590732760",11
"5577543851",2
"983421595",2
"7643333083",0
"7945889315",34
"1542259713",54
"6259719636",-12
"6917829757",6
"6822694145",7
"2044560643",7
"6323386905",1
"5764930908",24
"7751082675",141
"1046370133",5
"8223038699",18
"7817484120",8
"5092379124",138
"7201782013",3
"5788694970",-1
"645031688",2
"7369879223",-3
"5321218955",72
"957328380",380
"7072539760",2
"7396956260",4
"928192957",1
"5854578102",1
"5830637898",1
"5636942581",2
"1476170136",5
"816709224",1
"6687809647",0
"6642629298",5
"5874942800",-2
"900511506",0
"6564154216",7
"2144941633",6
"7738422048",1
"5328015738",2
"6068484150",-2
"7498119212",3
"6857760939",0
"8120746175",-20
"6472491155",1
"5421170729",1
"758372799",11
"5017883974",0
"5096946527",0
"1097141132",0
"6690477770",1
"6880713172",0
"8165456112",2
"635992865",1
"1475735837",1
"1298849354",0
"480313716",10
"7483634408",25
"5946411786",0
"1316851155",0
"5819072143",1
"5145057341",30
"6378160036",5
"661171900",3
"899693528",8
"6718298086",0
"5591029154",2
"1835875563",9
"1776969666",1
"5867150489",0
"661104908",0
"6060974408",15
"950703820",84
"1205344408",11
"1311495164",1
"5653407399",0
"8031207818",1
"488610851",0
"6073403596",2
"7736074044",1
"7332464165",3
"647728235",1
"1126977158",-23
"5634700034",8
"6657363709",4
"7085119805",-2
"954118599",14
"1516740073",9
"1424657958",-6
"815062380",22
"7844708192",0
"790611217",1
"8180160620",-4
"5898256079",0
"7032312505",0
"7489061007",11
"2009786350",0
"5805081846",0
"5190989012",5
"801817450",7
"7172291701",0
"7146610662",0
"633189232",0
"5753929428",5
"6407023085",3
"5847211893",0
"848503951",3
"581829232",1
"5767316664",0
"6821236512",1
"7788376828",0
"7600840389",3
"5211375865",0
"6152221028",5
"960298456",21
"6613122484",38
"410700949",29
"1056849800",1
"684773974",58
"7089307956",27
"1883378537",1
"7508478659",15
"2011652705",1
"858299807",16
"8162953981",138
"7347324010",47
"782223844",30
"720416565",14
"8481704883",18
"905843218",3
"7954485188",1
"6807375203",0
"785607278",9
"611351388",3
"5861088790",10
"7285930394",-2
"6829629945",20
"6194922788",32
"6277096433",10
"1857294945",71
"5967263726",3
"826461563",7
"1399328231",25
"820124459",86
"5255118601",4
"5462530196",6
"5670359688",102
"969264649",75
"8390938158",-16
"1098834679",11
"1435462462",17
"7170374069",2
"6889161700",17
"6913319665",1
"1292655857",8
"1237099561",27
"774147657",138
"7739102070",29
"5338913420",-21
"8111064287",165
"7057819116",6
"7046303158",-2
"7432150385",21
"913165563",42
"1854029593",3
"650462012",9
"699103879",215
"5519579897",2
"6246705918",2
"7676754471",-24
"1713923913",12
"5098657577",152
"1016788400",8
"671375880",36
"680607415",10
"5167981707",15
"8152457962",46
"5754275614",-15
"7940711980",5
"559252407",13
"7290942021",142
"1301673187",124
"418423776",-3
"6337775931",16
"7914581161",-59
"5747521170",43
"924330892",8
"1724546497",18
"6754934834",22
"1710656154",0
"7533388133",13
"942663833",33
"2075343981",2
"418454032",76
"6892367093",21
"589593969",106
"7679005925",30
"7239777085",40
"8034247290",153
"6332562440",0
"5956948966",18
"980442807",2
"819070985",83
"828809829",20
"6819990938",5
"5700155021",11
"1861971689",-4
"6363717508",1
"6162552978",-11
"862118921",22
"5205109395",2
"5907856787",-1
"917349443",9
"820498731",-1
"826378948",3
"1766832966",10
"898224518",14
"6977151410",5
"6344107400",9
"485859721",2
"5994127216",8
"800047742",11
"955744567",20
"1975574608",36
"742339461",1
"5598447505",7
"7354695754",14
"756628801",123
"5997529048",44
"7243676651",2
"6418849107",9
"7773846469",206
"1503590835",15
"5213764043",165
"722399932",-2
"1026294851",2
"8389245936",5
"6232681898",1
"603212172",25
"6191862654",-23
"1118381785",-1
"6779463630",329
"6935889688",1
"7434630984",-158
"6340536618",3
"5728551153",1
"6679022349",-9
"354182277",23
"574007183",1
"5941616526",12
"1201804003",18
"5570319338",-2
"1642412500",446
"1944052577",30
"5179126315",3
"5998645722",12
"8346547126",101
"7885570791",4
"827699660",2
"7510272373",44
"5095946794",170
"1861716805",3
"1934720956",14
"1011215957",41
"5016284963",11
"5707039309",75
"1310185138",7
"7299745222",2
"364708088",0
"636576143",8
"1165179711",1
"1655631569",0
"6371200207",3
"2067312733",29
"692415315",4
"7813594896",-2
"5958045918",19
"7339306514",4
"1103065697",378
"712518436",6
"1320503597",4
"5627065169",5
"7528200033",103
"1300013078",3
"1065123416",92
"7421470163",6
"6658907648",16
"1051999376",1
"7524169622",1
"7531094318",3
"6363930885",4
"6785945734",1
"947878478",117
"898850103",-1
"1380329332",4
"380728135",41
"5426392561",15
"6061240997",7
"7225517972",1
"1874768846",-4
"5097951139",40
"7976303205",-7
"358584822",39
"894593146",2
"5831880646",3
"5728986508",2
"5487465855",89
"1616641696",5
"1226132416",1
"1152409369",99
"8193335117",23
"651393755",10
"1863819167",1
"853115573",16
"2143858050",15
"1579373309",49
"589744220",3
"1960679481",1
"7024502037",1
"5162850738",1
"5756352968",67
"7910977098",16
"5510550868",3
"888211299",47
"1623166704",6
"6410700904",2
"1944279581",39
"341267268",-1
"6834314255",37
"754148491",1
"1557886037",77
"1846368634",62
"1844400035",1
"7351800870",0
"6836842755",-1
"7833173123",-5
"1459730751",-5
"6178377485",1
"7156703948",-1
"7106014871",1
"8483861304",2
"748082768",-1
"1259973619",2
"6362594741",2
"7301651363",44
"5749717340",5
"2006382893",17
"1198110038",-4
"6708784562",14
"372876269",7
"6011906203",3
"1783183946",7
"588797306",4
"6041169865",2
"1115042518",452
"7843989150",16
"5937286128",9
"7103501939",3
"7198347980",1
"865288566",1
"641529276",1
"454739367",-2
"6661607193",2
"505963728",16
"8046054790",5
"387133627",1
"1697011899",73
"5209923481",23
"1302894426",15
"7194619401",1
"338696708",0
"5824061472",8
"7090457468",3
"6390311024",2
"5036527370",1
"5934478555",8
"5408250991",4
"6038939849",110
"5598105697",13
"1139070134",25
"6535851646",11
"382287382",-1
"6793272898",1
"7730156293",3
"431387764",5
"5669715694",22
"1079204854",-11
"610207999",1
"5188086867",1
"7681485029",9
"5919417446",3
"935656642",12
"7647840336",22
"1931613431",1
"452784086",0
"6668086755",9
"6662135817",2
"7829339814",0
"567178177",-7
"7739229824",0
"6821835588",9
"6328251300",56
"6914464428",-1
"7916121749",16
"6567482784",17
"2042376307",0
"7276782357",19
"1767918463",8
"8402831744",164
"424038318",12
"1469062411",10
"884797796",16
"5221059473",89
"7353662659",-2
"7628648078",24
"6138571650",50
"538924809",-63
"2118522383",-5
"6873380684",3
"7056759293",5
"1743888205",2
"302395069",-2
"7668973456",-2
"7711749903",1
"7356357629",1
"385008472",-2
"8086953902",-1
"520361707",23
"1933467911",1
"6571739634",22
"802131145",70
"5298441651",20
"672360332",11
"6233075737",-195
"1834543510",95
"6497786250",214
"1216016294",10
"7729263826",7
"805490523",17
"7206146541",0
"6829214928",19
"5278722363",-4
"6172488195",1
"804113097",1
"729045548",8
"1029128493",1
"832387524",3
"6266974947",-3
"2118134230",-3
"975456411",5
"6044900475",-3
"5755608242",71
"5888932946",8
"5382797777",-3
"6320071773",-49
"450035409",-20
"7064762096",3
"7111177645",-2
"5827946320",4
"7462243907",6
"7572120358",5
"5614902066",1
"6936556653",8
"302503105",16
"7084798528",12
"654646409",12
"1593304227",-4
"1318932084",10
"7247123310",-9
"387423090",11
"8223421409",40
"7485232755",33
"7617932884",12
"724721931",19
"607792900",6
"7686939779",19
"6528551702",2
"5931360456",31
"441781662",112
"907797730",3
"7304783418",9
"6122671883",-17
"1370290904",5
"7192567315",-2
"5868170598",-9
"5280455350",36
"1609652720",9
"996839573",4
"7511787354",48
"5737226506",9
"1208221932",2
"754688541",-5
"8076809903",14
"613158263",3
"7597536347",16
"6478593402",4
"573154027",24
"8221344297",11
"7592590766",19
"5020495644",35
"8353036472",-15
"5695275322",3
"886284372",30
"7522968153",0
"7846185586",19
"860009191",15
"6932775399",39
"591639841",25
"7684002229",1
"1109928274",5
"6033917756",2
"1701785670",62
"5965916507",29
"7447577685",5
"449183063",9
"5622779570",26
"6863474564",-2
"1224806115",7
"710242461",29
"6556260504",3
"6537660174",1
"617377890",37
"2088709789",23
"6516826199",7
"8457588051",1
"960832409",18
"463333155",1
"8151671672",-1
"2112332657",-5
"5290862781",0
"6400511222",1
"989030177",1
"1402514149",48
"7070555561",1
"6004319397",6
"7225901029",6
"6843068998",3
"357216544",5
"1283001516",17
"1887284229",-19
"726313176",1
"8062805690",1
"690366224",8
"1331205554",2
"562963287",3
"1398077049",-4
"5375099589",3
"5164109320",4
"369392019",1
"2145775182",-1
"5524867654",0
"7161631676",18
"866749319",19
"8363570022",10
"7335422221",2
"5846818600",1
"1842872854",9
"1962880167",18
"8178595410",-192
"8173425852",-27
"6973851809",5
"1865805661",1
"5882853663",42
"1885111976",-10
"5771158408",127
"7092743968",2
"5819474421",2
"6874828428",22
"600273340",1
"1219026628",1
"5220795596",12
"471549533",9
"7034143667",0
"2080858445",1
"5902132964",-2
"1647697220",19
"614622108",2
"5163807484",1
"5798503692",105
"1752842252",86
"1133278212",1
"7600325167",56
"1331587034",156
"7608725956",-3
"6854471118",0
"659040544",5
"6559312412",80
"6761146827",16
"7255232659",9
"2004319924",1
"999850376",7
"772403693",2
"5659195598",4
"337665889",1
"8375243121",41
"6622351388",2
"507185776",25
"2105658894",-3
"386220196",0
"1653198190",3
"6923402730",-24
"6510391670",1
"648217927",31
"5059334904",27
"5358140735",3
"7350554655",3
"8390207316",2
"1404737433",-5
"994316407",5
"8018331873",7
"509489968",0
"1117305843",1
"414518626",2
"7339018641",3
"5066253069",-2
"1894680683",0
"338292689",11
"5247364683",1
"1291107955",3
"7637941482",0
"7752242140",-47
"5921538099",4
"7657086522",2
"7597964581",125
"1606816319",115
"5308492169",4
"7189283224",11
"1270939162",114
"1204374925",65
"2013728279",32
"977600260",459
"5575111877",10
"7400775133",3
"6247187536",31
"5075801693",-2
"5531428896",5
"1048802119",2
"7460651806",63
"5012012584",11
"6117073132",13
"6483835373",6
"6617962657",83
"845127144",-14
"7590140816",17
"1845137564",1
"5732476730",40
"6871426711",1
"5866390164",1
"6206774195",-3
"6420744183",-3
"5886466655",31
"6514394143",1
"6782161908",5
"5629854907",-4
"6633576620",7
"1119289635",-1
"1330683505",1
"7728539654",9
"6679512224",0
"6199022685",36
"1031800306",3
"5656628710",-1
"7387777403",1
"7954756350",19
"7353619473",3
"6457395814",17
"6523707530",1
"5429520623",38
"6828965899",-1
"949804425",1
"5967649132",0
"6946599762",0
"6404732439",3
"5687278153",5
"640988826",3
"615043345",6
"8396526828",-15
"949280238",1
"7897627518",-12
"6003092245",-5
"5421617361",-1
"1238876873",3
"6868301901",3
"7359506616",10
"8475498990",3
"7477178240",1
"6149090839",6
"7176326859",1
"5574815352",23
"7918764998",10
"553365778",1
"5793490599",8
"2121736193",3
"2002650347",21
"1423065274",-1
"8264961618",-21
"6541092356",1
"5020023502",4
"922840097",0
"1011606478",2
"5801048924",0
"7986200084",1
"501899924",66
"7038684181",1
"1913605721",1
"951640964",3
"1872221506",1
"721941684",7
"5756566267",5
"5552374566",44
"5529053690",-2
"1353305650",3
"5684633628",5
"5451322402",3
"5783676106",3
"7874098866",-9
"6510016667",-2
"7032116125",2
"6964315615",28
"6026724349",-44
"5897598269",2
"411943162",0
"1799600223",2
"8365263022",1
"7541711303",-68
"5699373461",91
"7827568683",4
"1871602817",18
"7439298837",-14
"8136551005",0
"960203152",6
"6720595578",3
"7324876592",0
"6421686818",40
"666702479",-51
"631914516",41
"1274266452",1
"6617183094",29
"5980863479",10
"804192519",-1
"849565249",1
"5941927444",-15
"7146525481",13
"2056021138",3
"999212136",161
"411388600",48
"5591997889",3
"739365255",11
"1962824255",-27
"8170541839",20
"1578512126",6
"8156100552",1
"1972314044",-10
"1713751356",122
"5145059581",50
"7341816892",2
"7799503394",7
"1778363387",1
"1492167570",3
"7236553964",3
"6386860392",-4
"7253260142",-7
"6721532526",1
"5461987646",3
"5960720740",2
"744474777",7
"5070563309",-1
"5424793316",69
"5272972475",-7
"424306180",-4
"1643130493",3
"1286042187",4
"7269178366",1
"1417901920",4
"405279726",142
"5354567877",-1
"5054622478",25
"7818259798",3
"1935969803",1
"1252949823",1
"1408548668",1
"5109982084",2
"1449525001",8
"7623717059",1
"6111324312",16
"6116062498",5
"7108279768",1
"5638916184",-3
"8428933781",15
"1417215495",6
"5684445044",37
"8216916777",3
"1144407205",61
"960320930",0
"6437401619",55
"5306310857",2
"7691494441",533
"5961250433",6
"6774483049",-14
"1166559356",28
"640194412",14
"5191027609",1
"8339377157",37
"668477813",16
"7108111878",-2
"5980085144",30
"1153332738",-12
"314817074",1
"334168519",15
"5075574264",1
"6215775405",4
"6204749840",1
"6537101159",8
"6031743654",4
"7135545861",1
"5244691675",-2
"7278845008",19
"6051141853",-1
"1786865541",3
"5261808964",1
"5611854770",-2
"8025152801",2
"7407859283",3
"1732388131",7
"330404751",7
"357903913",-1
"8063576754",6
"695631298",32
"7468688495",-2
"5906429938",12
"7850971968",13
"5021273503",29
"5379438144",-10
"659354356",4
"6608619963",-1
"6544042667",-4
"5308708139",-1
"1505463651",22
"1445110293",24
"6410856788",-27
"7946340522",13
"873616571",3
"667978430",0
"6096330973",3
"793800942",0
"471510812",-10
"8530001258",33
"1611328938",0
"1457240601",4
"7108094066",6
"7407024356",11
"1135100817",7
"1209563482",38
"6914943213",478
"6458431394",1
"2052395769",31
"6637857630",1
"1136048619",1
"913384807",1
"8034301607",8
"5433859599",1
"5063788391",3
"5938779438",88
"1146651318",0
"1667237352",118
"1870534758",1
"396250067",14
"8279846514",-9
"824876577",1
"8483082155",2
"5207608485",5
"5962135439",3
"5891516109",4
"8036262779",6
"7482165593",-1
"1852332525",6
"5568810804",-1
"422805597",67
"5101219638",-2
"8008517960",-3
"2001666684",0
"1447825418",1
"6246549473",2
"7622846895",57
"5714665094",1
"6985941405",1
"389055101",12
"6764595221",1
"343418525",0
"1151858831",12
"368064739",2
"1387421830",32
"2001330603",3
"8029773059",-1
"327173976",3
"7202135360",1
"8054407830",1
"5506677624",3
"186147846",1
"829939190",-33
"7492058923",117
"7410805359",35
"976552643",10
"1157726975",1
"6128701472",1
"5517761450",5
"6541768139",3
"6123757816",26
"7708066910",5
"7405388483",4
"464171448",3
"6739609696",-14
"457162329",13
"881545182",-11
"6943659764",47
"7854547201",27
"7168336260",-2
"6332613822",672
"6210356421",-10
"1607460432",24
"5931072942",18
"7514005416",5
"8102186279",128
"5487937680",-5
"7853349441",6
"5756489176",1
"6705095954",15
"5337614606",1
"7191883532",407
"1372949271",0
"8457686571",2
"6115136833",13
"8214718140",4
"5194956884",-4
"1179579210",1
"747183810",9
"710481772",7
"430556924",-3
"6876809267",-20
"1273058201",8
"7982194284",0
"7770527190",8
"7371581578",2
"847688304",-1
"1402638636",13
"371938317",1
"809606067",1
"6985592609",23
"5532928129",-29
"1491873649",53
"7420120265",-2
"1719954549",19
"5765999972",0
"5859743787",2
"5881805143",3
"608186326",14
"5008035649",6
"5229975567",134
"5224725107",7
"646372506",9
"5646022828",-1
"5782725248",1
"5710776521",-15
"442993299",660
"6063243083",5
"550544280",1
"5778164570",-1
"713915836",-6
"6504427565",10
"6344816904",-1
"7314756295",21
"7521168321",1
"1962546778",-5
"2098431212",28
"7357340257",1
"460713778",1
"970623649",-1
"7150454082",-1
"5325635498",0
"7403522258",7
"1164600970",3
"475984994",2
"360325827",4
"1690952264",108
"8010833700",1
"5999612211",14
"6105965085",4
"1738671412",10
"423288875",3
"6225520184",23
"8301272766",15
"6128400295",1
"6520287277",4
"1127574280",2
"8313720089",-8
"7738098710",-11
"1690752951",1
"7406328072",1
"7582479378",1
"7529343877",0
"6339564998",1
"1258746148",1
"1866925478",-1
"1329607798",1
"7439766390",9
"1726162397",-13
"1245272450",2
"5345263994",2
"1703940321",29
"7383239990",8
"390407364",2
"6837802931",3
"6517565709",11
"905781541",234
"5969676804",2
"8359698550",41
"5670238240",6
"6534721714",2
"8445140877",1
"1039067118",76
"8034385461",25
"872211283",1
"741791034",1
"1856737145",17
"5253273573",1
"7124220259",9
"7662878887",4
"1024183506",-2
"7786200785",-7
"391902198",2
"6446860540",48
"1784859913",-1
"6350515461",0
"353585872",-1
"5035041410",2
"989329434",58
"1147986703",1
"1716113602",4
"5155042865",33
"440002705",13
"7845684744",6
"643570911",30
"6762656767",1
"1717444532",2
"372919521",-3
"6566784212",4
"499491668",3
"1288551083",9
"5734175919",42
"528330049",-2
"7446960557",1
"422355744",2
"6476846167",328
"7163246895",5
"425583254",9
"597658838",11
"6057458483",4
"1200417450",-10
"7887933385",12
"8072154238",8
"7406302808",38
"7071420664",3
"7454628083",-2
"1437453326",6
"826589871",1
"1711820558",7
"6268905177",52
"7857008072",3
"1634318803",9
"7363782340",3
"474758673",1
"1365625365",2
"8197787099",7
"6545873114",24
"1414869452",-5
"7414421121",3
"2043173511",-1
"6048970412",11
"505184694",-2
"5760713126",-4
"1154746682",2
"831697106",43
"5928061745",2
"6820875439",0
"348108881",-2
"1294999882",18
"7277297826",132
"421192637",-4
"692562724",22
"1024532559",142
"5948460797",-17
"6310606233",4
"6138027704",2
"448942295",10
"989260246",89
"5932313280",10
"8231626832",5
"362521735",104
"381621589",1
"6089048410",1
"5367797560",-3
"7453021130",1
"1271958945",17
"5931101634",18
"371810894",18
"1307570284",-15
"5529459683",7
"1036122318",5
"1556902213",5
"1709583879",1
"5614110109",36
"8007600798",17
"1171690712",1
"6833223381",1
"258036169",-1
"7541180383",15
"1434424983",1
"5210741383",0
"361963248",3
"1152968025",1
"1283569779",27
"384303887",3
"1802072807",0
"1083055872",3
"8452772606",1
"415983425",1
"1462269617",86
"7399714148",15
"601926056",0
"6644569209",20
"8437216107",-6
"6911007747",1
"1154502438",-1
"5597256561",-1
"1320551665",-1
"1938098425",-2
"5973003332",6
"745274862",21
"5945306492",0
"6991290339",2
"7562284948",2
"1266195104",51
"480721676",1
"7857398674",1
"1073463573",6
"5252484679",-5
"614813590",115
"738370257",14
"5531789930",-4
"1298181134",2
"1814390273",4
"1113243747",40
"6553490460",14
"6141105226",-1
"1692814537",22
"7196554307",22
"5664479483",1
"411283660",1
"5522315189",2
"1855178662",4
"6466511369",12
"7177426187",10
"6532757765",1
"897172096",1
"7402770014",4
"1644789193",27
"6419781970",3
"8208889228",23
"939713264",1
"5481746084",12
"441209233",1
"6214996580",15
"6082472706",11
"6113189884",2
"6615081079",6
"5328248647",16
"6606258188",1
"371848843",35
"1667432235",1
"7877598553",29
"8122989136",4
"7740752102",4
"687912634",15
"5422239733",1
"468581647",1
"7989820188",33
"6528178739",3
"709237486",-1
"370428196",4
"1379272048",-1
"347892450",2
"387383425",-1
"7770446403",-29
"5892514980",4
"1924682462",-4
"6724626308",-2
"1885995593",1
"729127867",1
"1094259504",2
"896762966",101
"7552518608",-2
"1196872010",32
"7775478270",7
"7998357888",64
"7921589271",4
"7870840899",8
"1375671358",7
"1816507756",11
"7101298093",2
"6945128024",6
"986788807",13
"5481394240",1
"8345525807",-2
"1141259577",-1
"7343511092",6
"1246059259",23
"6103794017",4
"6302608397",-14
"932163695",0
"8009173460",4
"1167609731",4
"605635859",1
"8362956563",50
"1858554102",1
"6962713430",-1
"8326838989",1
"896181167",-1
"6123393076",8
"1193953229",7
"6449224825",15
"377251417",4
"6317335819",3
"5201943866",4
"1286630013",8
"5225929181",-11
"395038753",-11
"7652047129",8
"7154972245",-2
"1503347724",18
"8072686210",16
"6268370714",1
"6333293424",14
"5743354458",-13
"8312458446",60
"886004893",0
"7120298048",1
"938537744",6
"5718825713",2
"1511108148",37
"5741313011",24
"668587570",3
"8496313667",2
"1415956719",1
"8350829383",5
"1230910648",15
"986427737",35
"6712361188",62
"1613496702",6
"6849694317",13
"754942925",17
"7361919540",3
"8044516935",1
"397244582",1
"6390470653",0
"525342548",12
"8178448215",4
"1360398283",33
"5452496717",4
"7678101401",25
"5170104373",5
"1270959001",0
"6722497842",2
"631514730",11
"2084795011",1
"549037296",0
"1089351332",5
"6014656627",1
"1955152050",3
"5932197024",-4
"1302795335",1
"393541936",1
"7556806053",-1
"7448070889",-3
"460941903",2
"7949460110",38
"7712032308",-2
"8249073252",3
"7566674982",-1
"8455192433",-4
"5064695517",3
"7538930762",2
"8123084614",0
"874756410",17
"1833460500",11
"2086188222",161
"2132072926",4
"397021434",2
"6813685028",12
"5658755026",-2
"583756238",-3
"1369305648",-1
"5539910924",-3
"7371372627",1
"614043481",4
"1360006499",1
"1190001206",62
"6304596210",23
"7987122414",19
"899470906",1
"1565167695",-8
"922497307",7
"5138628309",1
"6395584862",6
"515345916",1
"1847313015",2
"1240635170",20
"7948534478",15
"855012860",218
"442291621",2
"7420139363",1
"7937909401",-1
"7584032373",4
"6763564039",2
"5635965527",-1
"5072306781",-3
"580478868",1
"8400063797",2
"7040975688",-1
"7674005048",3
"890766137",1
"7264445527",4
"8593284625",9
"6200878965",1
"399440680",1
"5423281960",25
"846747600",155
"6608006529",7
"8210013533",1
"6936189475",1
"772474174",21
"8285615528",5
"7862385356",1
"8451398351",58
"8006545665",1
"7324628148",7
"1258746517",10
"7415171039",4
"936608728",14
"1433369654",3
"1086151978",35
"1717503984",-3
"5148966219",8
"1229918568",5
"346905457",0
"8148472933",30
"8087177701",1
"972898794",100
"1089614526",6
"408250794",1
"5022764357",-11
"524288124",11
"1830648328",305
"7219799116",-2
"7529972686",46
"5547218986",37
"1270772182",2
"6342718230",4
"6278276929",1
"7502356511",3
"521398085",1
"1082939183",9
"1008555533",4
"1206626259",711
"1183113753",1
"5408845700",11
"7264362023",-2
"1270580031",131
"5169118403",11
"8449855064",4
"7804839881",2
"8179122874",1
"1444969279",-1
"6044847984",-2
"7969337406",1
"437944819",146
"641739565",125
"1186796449",1
"7037710037",-1
"5618805791",1
"1458735096",8
"7050798852",-41
"615382410",13
"5407077306",24
"5484613855",1
"5028824064",-1
"8447328019",20
"831030587",0
"7370163567",2
"8134746177",7
"5456434391",6
"5125362731",29
"1229516938",47
"1900788969",222
"5152004116",15
"7116661529",-5
"1655811461",47
"1696239399",12
"7364051414",7
"1053947971",6
"7661410699",7
"418695461",4
"7531028550",2
"1436892288",71
"5820676652",22
"351125385",-3
"6974237367",0
"1618645093",1
"1871231410",0
"7542939624",1
"8295901088",-6
"7130255164",12
"6161107260",-9
"1399455085",1
"6131297497",1
"340853402",1
"688304749",1
"2144482530",70
"7431562133",-11
"1119665265",1
"407943391",1
"8496749643",3
"611192592",5
"1066113150",-4
"382038809",1
"1158814235",3
"7503511704",3
"903817915",7
"371656365",2
"1146932382",547
"6615645910",4
"7615691071",3
"8034707561",3
"1175458645",6
"6399968422",2
"2126837014",1
"5660089505",5
"1105840177",1
"739189908",1
"7078216660",-3
"1609398709",287
"6775455396",2
"885826698",2
"7329172745",-3
"2064694771",-1
"8015378876",5
"427654163",1
"7492401174",-3
"5250704711",15
"384543134",4
"7286183128",17
"1295383250",5
"6057232513",6
"1147801120",1
"7993155637",3
"8493794380",24
"1296127996",4
"1241024429",1
"1298940855",2
"1989916333",1
"902778353",7
"7852298781",22
"5920980538",108
"8548760509",5
"1218941741",4
"8207624289",-5
"7680965813",451
"7429256088",4
"6375307352",-2
"2049647099",-17
"7876809741",-8
"475734022",-1
"673495541",3
"7108827280",0
"1193431980",2
"7747257661",2
"353633998",23
"452359032",1
"7074900049",5
"1212419121",1
"6412104799",10
"6612817633",2
"1788600693",1
"8171609361",10
"7328861669",3
"602332566",44
"5893601108",2
"938375912",15
"1219116927",11
"401428452",-2
"1068017328",68
"538026207",7
"8415654712",-1
"6376628428",1
"6485316844",47
"1467270449",13
"1595546662",4
"943695358",5
"5909781411",-7
"734118584",1
"6907133960",8
"7796619194",1
"1008877473",3
"6324580320",12
"8474081777",1
"7628715805",2
"5228152352",4
"5798173681",1
"385830367",17
"684576424",0
"7505772260",1
"1241698496",12
"865881783",86
"7301753587",-1
"560809160",2
"326655281",16
"5499865296",3
"5066421731",3
"600363589",3
"5798108826",37
"6429281172",4
"8041259479",-1
"5074127278",8
"1858801939",2
"7852984795",3
"6279004621",3
"378458917",2
"502776500",1
"7553127484",12
"974249917",2
"678824194",15
"6886782941",19
"6322949251",7
"734987473",25
"6227986017",23
"1034623426",-3
"5453720258",30
"8096643313",36
"1804344617",1
"5069657941",2
"5636401129",2
"2133374158",11
"8070698949",1
"467224452",-6
"6837283197",-6
"8055160696",9
"428363010",6
"5015840197",-5
"5424234416",2
"722946745",23
"773597920",2
"1784827142",46
"385297681",-18
"7336509255",13
"7410949312",16
"1425285296",4
"7478654050",-18
"6128434180",2
"1722589537",-29
"466664482",181
"1046890289",1
"1396168464",2
"1552034129",5
"8226202800",11
"1451521214",4
"315594199",1
"1996103223",4
"8320644573",1
"5692572575",9
"7656863576",40
"889935852",5
"1373141959",-1
"7045081224",-3
"8051333860",1
"1647829518",216
"8215870738",3
"8379107583",-4
"5860228209",4
"6033883870",104
"5810997712",1
"1241116881",2
"1149741567",-4
"1193862943",5
"5813301656",1
"5301126124",2
"877795656",3
"818994142",-9
"6226097522",5
"6026207726",1
"5901315012",11
"6506900690",-5
"1390495332",0
"6389050923",6
"196400332",28
"6481130238",4
"966679767",1
"1234798214",143
"1469831022",1
"1742285684",3
"7290615727",4
"489171570",7
"7304799601",4
"5914459390",1
"1476366313",2
"6900293328",18
"5582861442",-3
"1838620777",4
"1989675807",1
"7089858674",2
"1094885589",69
"6783550887",-12
"6272869186",32
"574051285",3
"5297834331",-1
"1449815795",5
"6369586656",-1
"6677344457",11
"7441462247",1
"5204985308",-2
"8148217014",4
"843388973",24
"1391142636",6
"6879223176",3
"805970172",1
"5397367435",166
"743342891",4
"5730379516",2
"6307144522",91
"622474125",26
"6217832355",1
"8399705286",2
"683247717",-27
"317968169",1
"992032599",64
"469114653",2
"6820253654",5
"1605257908",3
"1418796089",-3
"7095550072",1
"365344076",2
"679022504",5
"7383781782",19
"632974566",16
"6801439185",1
"1151906092",4
"1427738740",5
"5456358565",0
"7932304766",2
"7374123580",2
"1924782398",69
"6709563530",13
"1871505926",8
"412555863",1
"685340260",227
"6229816206",2
"5819532572",-1
"629532004",1
"5718575504",2
"394151794",0
"987653411",31
"485989255",9
"6803791114",-5
"7398567548",103
"5077800128",3
"956819255",3
"386675805",-1
"5200180476",3
"7542382660",46
"6416174875",100
"8229507458",0
"8445632377",1
"5128001099",17
"7991649323",0
"6003069454",-1
"8210097157",1
"5848233724",-2
"7315425698",26
"6627811106",20
"7446530116",269
"651499892",33
"531409710",14
"6964430702",39
"8033565394",-3
"5552867275",1
"6587843683",2
"6220833479",17
"1139532691",13
"1580966924",17
"7255912855",24
"8059505037",3
"1366211357",23
"7352437725",5
"6514304820",-2
"1071472901",6
"6898006839",59
"1438008369",49
"2054643277",93
"8274317025",1
"574773536",9
"7791506537",-1
"1016647840",0
"1348340361",23
"6884940020",15
"6893829475",35
"1336066599",19
"7151844730",9
"6895161467",8
"6196465621",143
"6042072934",10
"8484666325",-50
"1318900930",11
"287860411",2
"7029687797",121
"6728572828",1
"1760862707",500
"1558699795",2
"8019705273",2
"6343434298",1
"7536423034",1
"894353008",2
"5299504740",-22
"2028185403",-52
"1943203644",39
"1057124933",-2
"1004910561",-1
"7770452574",3
"8103840368",40
"5415104447",0
"7501176620",2683
"5311742183",3
"6305576966",261
"797847663",6950
"442537417",446
"6861157549",-2
"1443977083",992
"2061774548",4
"2128781395",3
"439629766",-2
"5694642143",1
"7807222119",5
"5604251679",12
"8235124091",6
"5215035527",3
"6723134604",6
"5798303259",14
"446232393",2
"634103052",81
"6816978900",52
"401619648",-1
"8589539249",3
"1875815535",48
"1367042449",7
"8375480717",59
"979060179",3
"7376236808",4
"6283201627",3
"8021565493",17
"7093769802",0
"5495435845",3
"7894937884",2
"406332491",8
"7752969309",-1
"1175622888",1
"311820948",-2
"1046501439",39
"6969624486",-1
"6009501360",16
"7747678753",11
"6514400735",6
"1332838802",3
"1683143276",1
"8342082163",-19
"332779937",1
"1391092497",13
"1052455294",31
"6761477542",4
"5449435207",-1
"8488836560",5
"1055961640",5
"5975191435",1
"5936517521",15
"5013805564",9
"5485570331",15
"1008814171",10
"7671075969",4
"617980049",31
"432716870",22
"1144024274",2
"8535783739",-45
"6630003853",2
"1368092391",0
"7913513369",14
"1203345729",1
"1197208245",4
"8477129963",13
"820582696",8
"485737410",30
"1445727073",2
"5940929287",-1
"1533972836",1
"1116216411",1
"8230045759",-1
"6610768769",2
"370668833",28
"548007939",1
"637377158",5
"5111662909",71
"1706565742",1
"1911418211",1
"5863697164",-8
"6885189407",1
"6612209124",1
"897905697",16
"1161780987",2
"6901349413",193
"7865479049",-39
"468614391",2
"375562448",1
"413672302",1
"7543032198",1
"6540259946",16
"6812450872",1
"6319205690",7
"6132767307",1
"951730392",3
"403879446",2
"6202737046",8
"6904757410",4
"861640331",21
"1319487490",-36
"1624616593",-59
"476113052",15
"6736026589",19
"346236795",1
"6502310877",-1
"6603995416",5
"7619962821",-11
"2115725449",8
"6071288444",-19
"6248268437",-2
"1835567056",-5
"418775905",5
"6055535184",6
"992176019",1
"6919190665",1
"6211284953",9
"7458327804",13
"6570034065",2
"6719356467",-24
"266917356",8
"7283604741",-2
"1894243635",21
"6219571304",3
"7681518863",1
"806483006",4
"7417035221",-13
"7946296498",18
"6276583633",4
"6114173162",-1
"659764555",2
"2018919063",95
"8346479486",-5
"1927593119",1
"8125267741",27
"1763613474",22
"7474236945",5
"807287765",1
"6606954370",12
"7780406571",3
"5354163521",3
"7010456335",0
"8522805539",4
"6509556354",1
"6812585104",-13
"1356500381",-15
"1107996276",16
"5861336739",1
"5618556871",4
"7030810151",5
"1601104659",-10
"6889570568",1
"2081601093",23
"5752496638",7
"1877790025",13
"1392812277",-1
"5503070275",-15
"5675107276",32
"1544824143",0
"6979153979",4
"6251231314",3
"7439020598",-1
"8315650083",-5
"378546648",75
"1144359264",3
"6734185600",6
"6709061403",2
"1164335213",176
"6645830936",2
"6948764140",10
"418211784",18
"1914040395",25
"6658803459",1
"6572410950",1
"6302420954",12
"8417770111",4
"7211599120",6
"7270670012",-4
"8197770077",13
"8348813577",17
"1250628247",23
"6452165809",-4
"7774206895",51
"903649263",44
"8099435953",-2
"5906652943",-74
"985871653",-2
"2007002152",5
"6064719259",-1
"1150473770",-5
"410654310",15
"276593672",1
"6723162073",8
"6959999149",1
"7179545970",2
"1220044371",3
"7155517788",-3
"6279408097",7
"6002595897",1
"8123395897",-3
"2033805586",0
"6625180241",7
"6120724598",1
"5014348510",3
"566023893",80
"1087440818",4
"1283686679",213
"671357960",0
"8416039224",-13
"1769443810",1
"6464875715",0
"8218370805",2
"1797821501",50
"2047478236",-1
"1006885158",1
"6866997955",1
"1113803518",26
"1905333424",281
"1081012722",9
"5742211810",66
"7666654283",2
"1638011661",-1
"1193430059",20
"1127433161",4
"973547418",21
"1156271767",-16
"6817956265",13
"8395921144",4
"7640292777",-1
"5009882194",1
"6617730145",1
"8183325985",133
"1933860968",7
"1004724866",18
"7412135899",37
"5108607951",1
"1797044727",3
"6806360396",5
"5774504640",-10
"1927121913",1
"6326072390",-23
"6247220307",1
"1831173158",13
"5812682919",2
"5763715404",-1
"8429498974",0
"5690353758",0
"6074621627",8
"657072068",-2
"5118311041",11
"385900670",1
"6241412560",7
"362064558",26
"8126612517",-7
"7282789865",-14
"8023441131",8
"6457329543",3
"372043274",1
"680155765",9
"1511726941",1
"6505172582",18
"6355337396",-1
"5486261496",-3
"5718346246",1
"1312356343",1
"8542771140",7
"5781888399",9
"712245682",1
"397419365",8
"1760585002",-2
"7005581549",1
"319461920",5
"6852885711",-4
"881073822",1
"6934829507",1
"1880952356",-1
"5899180599",23
"7386771058",7
"6214330404",1
"6500540231",3
"1977880227",1
"5919672082",5
"388226164",1
"5348387396",-6
"7212154724",123
"7806112419",4
"6330038093",2
"7947834230",-1
"1632004992",-1
"6666084729",1
"5084073997",13
"1086261746",53
"403071131",73
"629383903",14
"6446060706",31
"914326239",-16
"2125121525",98
"5955550179",1
"8331939375",373
"1831842227",-2
"686890349",11
"346406427",3
"292895090",3
"506901637",2
"1446788717",25
"5686043942",2
"7396894357",8
"5731888227",7
"7927978131",1
"6808362524",73
"7860864078",9
"5895450319",69
"5787431088",0
"441556012",0
"7181482172",-2
"7347445876",2
"982771292",1
"1325882558",67
"7520698100",55
"6514104477",1
"5800501130",35
"8475691548",1
"756261320",0
"1781787035",1102
"8460385229",-13
"5926600128",1
"1734056175",1
"5719296551",2
"1337121828",1
"7156250331",3
"7327233582",3
"7711284581",48
"1005577295",-12
"8122686446",2
"7861879898",1
"459550501",0
"8424612655",8
"1174478248",-1
"6701602004",5
"5861555329",3
"914748631",6
"410221669",270
"6984209600",1
"1153201547",1
"7362834046",10
"1097066725",0
"6813544940",11
"7089001488",-7
"6091390417",4
"7483323690",-4
"7645829853",14
"348604843",3
"7990219678",18
"2126782708",4
"2123124482",5
"6098636086",2
"1771974432",4
"6512951438",-7
"1703217368",2
"1914309154",42
"809031291",7
"758776573",12
"6380498455",3
"6955350055",3
"1797794134",0
"5513423380",32
"6256344966",-4
"6512922490",22
"791943442",-5
"5724370939",2
"1920401443",1
"1056447406",0
"7904161055",4
"7011172323",16
"8103899214",1
"7963453467",50
"5169710789",-9
"7285951525",2
"6969482938",3
"1351467402",10
"1443655508",2
"6658567284",2
"611579657",77
"8102656391",26
"6999803936",1
"1696745487",-3
"6985179488",10
"770704975",7
"8459009153",-8
"5802497894",12
"1033100311",2
"5067978272",7
"333248918",2
"1723273408",2
"6562013561",-1
"7475080262",3
"5932676847",31
"6875107592",3
"6810310587",33
"7542969727",-1
"925899750",0
"6696294045",-1
"2046018790",1
"6584225330",2
"6308541054",-1
"7980527008",2
"1056103359",6
"6960593602",-1
"1424940378",4
"6458190267",-2
"1737569926",11
"6103491919",9
"7295183197",-6
"5071054067",2
"405820573",-2
"7428989981",-1
"6790607864",21
"5838012412",105
"5174325513",2
"1055900924",615
"6070733650",-1
"1097755391",2
"6126767251",0
"6975658783",5
"8351804551",0
"7347784184",4
"5924320021",1
"5908065635",-6
"321939600",10
"1312313829",5
"6409984254",-1
"7018557768",1
"5127238471",1
"5279112511",-15
"6483099011",-2
"5806439036",-1
"512637939",2
"906318907",-3
"8084612069",3
"7210053574",1
"6386747042",5
"5768085442",0
"7304824572",3
"1831769603",3
"626068749",2
"5591428604",4
"1797490235",47
"8394272027",2
"5514809234",2
"836193652",15
"7586418078",-2
"1754636407",47
"5799769691",23
"1661827072",4
"6572070551",4
"2049114405",3
"5392058731",1
"1420174023",25
"5571797637",2
"1747540276",1
"7214997782",8
"331776261",29
"1527776262",0
"400279216",4
"7569709942",0
"1087310784",5
"420239978",8
"1460728026",0
"6639943419",-1
"798712041",22
"1666253015",39
"826255765",5
"7959360040",-9
"1611597267",4
"7722049698",3
"1806957655",1
"5261363445",1
"6714933303",-1
"7070665659",3
"704647268",3
"5548404237",1
"7224003606",2
"6696847123",3
"733240884",456
"575680266",9
"2106424451",8
"1355608580",24
"7494444176",0
"6528944432",5
"6340548581",2
"5155672693",11
"1133840108",38
"376239243",-4
"1984731671",1
"1743706009",-5
"1015700774",-35
"5329776562",4
"916368211",60
"1614388710",1
"940957710",1
"6078730022",5
"6539868370",0
"7233511077",-26
"8495775215",4
"349875829",1
"5176845267",-7
"8451678082",1
"1060271853",2
"8184497960",-1
"685710824",5
"374844064",0
"7267510633",-3
"7658802152",-2
"683864797",1
"6114689339",38
"7491106089",10
"1838428068",4
"7565275671",5
"351709802",1
"7414279607",-3
"900174648",5
"5749587488",8
"7083988266",10
"8243865599",9
"7907305588",27
"5964705661",0
"8199846804",2
"6364041401",6
"720965088",0
"5562688049",10
"8163396945",6
"980823518",6
"1802563295",3
"6954713103",-21
"5838216173",1
"6679766223",0
"919040509",84
"7137977027",4
"710044125",-9
"838142432",1
"6438013120",65
"1638007465",-1
"5101691236",2
"2077632607",10
"810764877",32
"7432888057",24
"864503437",2
"5292152585",7
"1418455195",4
"1738400969",42
"5488008206",-21
"8013879036",2
"6995393636",0
"7392286168",-1
"2136494603",6
"1332676410",-4
"5612663677",10
"8210706490",40
"6587503570",1
"834658159",-1
"7345786809",4
"696702865",2
"8410452007",27
"5935955811",4
"6155780122",1
"5066974012",50
"8377066300",14
"7306297736",4
"5915775247",1
"1831652290",73
"6382787468",6
"829653636",-5
"5512933421",7
"8304857646",17
"1691159378",12
"8281918586",0
"1455553245",114
"6822900573",21
"7398062253",8
"8109746969",2
"6524053210",2
"1859971247",59
"7912666880",26
"505843603",1
"394844860",158
"1707068989",-22
"831955397",1
"5272321269",46
"384781464",9
"8149308470",178
"5667884637",1
"8067636451",-22
"2077740150",-5
"429869950",8
"2011955079",-2
"5045976699",23
"381189753",-123
"7415876534",-41
"5485383133",144
"6266007131",2
"1469773444",50
"5293807217",-14
"877286487",-1
"7623094274",1
"1767733168",524
"7537918284",-1
"6206593118",721
"8132883465",662
"1142338274",19
"1435324763",1
"5004721200",1
"8327169894",7
"6693792714",8
"6358323892",58
"584037560",0
"1241455590",2237
"585055306",61
"5676797902",-7
"1674779556",-1
"1636000379",1
"5392986325",4
"5727292840",1
"1832355615",34
"6567513302",1
"480871557",1
"7090530068",1
"7564984515",1
"6048782329",18
"6158870458",1
"8495085612",5
"1279963478",2
"1227606173",0
"7143127614",3
"6120052330",1
"1426425233",82
"8231588884",1
"1839902869",4
"6397188393",2
"1617722919",4
"7277167325",578
"7786983656",11
"1120602856",-2
"7562713174",1
"5936590983",1
"1395325847",3
"5788523725",1
"890256963",-4
"1894162719",10
"1134521031",1
"5833974333",-3
"606653176",1
"8416306442",-1
"866019242",14
"435259179",2
"8120320254",9
"6562821208",2
"7035148957",1
"5975831836",8
"7547019682",2
"1597703073",1
"1034085164",4
"973161220",33
"6404049971",1
"7622153034",-3
"5332614947",1
"1944317375",17
"6490842744",143
"1748022523",1
"1459562432",5
"993102171",13
"7596030400",1
"7722097826",0
"1986066159",-11
"5469991999",4
"786679623",3
"7314476621",-63
"2004599904",1
"517105687",1
"5344544294",532
"6271364681",-9
"5755010507",1
"1030273966",1
"1275082033",50
"1575912973",-1
"1208849459",3
"7416005749",9
"7457636848",6
"8191167751",2
"5902076288",3
"1139205377",2
"691448735",2
"5090765364",4
"5049297338",3
"881064775",3
"7075542664",2
"2029332396",7
"7758141979",2
"330988252",1
"1381244992",3
"8072898920",0
"5462758561",2
"1214716146",-1
"1780423205",6
"274304799",2
"5471039343",1
"771522611",7
"8275279579",-4
"7304976264",-10
"8127746579",1
"6610816505",8
"398672127",1
"7224880365",-1
"432589066",7
"5221638838",-2
"6699305708",8
"1858407917",6
"6620838274",5
"6316016850",1
"1901256455",1
"1855068246",1
"367105823",1
"8594116903",13
"642702162",5
"7141287394",4
"712935913",57
"956110932",1
"956417903",1
"551902908",6
"668025315",1
"5418035185",3
"7149601045",3
"664725700",1
"5060083255",9
"2093967719",3
"1744629477",13
"7849989454",-22
"2089071611",23
"1847416448",-1
"8148355131",2
"657111225",1
"6289585046",2
"1028513670",17
"748407474",5
"877110193",2
"2111526264",-20
"6372869228",-7
"431210667",-2
"7306989121",-3
"8127051276",8
"1733726876",111
"8322215524",3
"6971887287",-1
"451257119",410
"5782543284",10
"999291398",1
"6917232026",4
"1530579029",-1
"6827650325",4
"8583908104",-1
"1860373051",13
"8138445990",3
"894435434",7
"5739201183",-3
"1580508492",24
"436190235",3
"5565778590",2
"1117444699",4
"374482195",6
"390012035",-1
"8212179484",5
"7175855937",39
"8014736816",245
"5232880445",-1
"7431845996",6
"5852140846",-4
"439873618",7
"793987372",3
"8566934844",47
"7609255965",4
"6109973814",5
"841563311",9
"1319647098",-6
"388597745",6
"6812418805",1
"999180219",42
"5413400891",1
"6502398046",2
"1397163638",3
"1924505393",-17
"298755780",-1
"617615643",0
"2015297578",1
"5867609632",14
"5829962303",-2
"6984758643",-1
"6392831907",1
"709956954",8
"6903317904",1
"1320307886",21
"6467486572",358
"7791045627",1
"6539071764",9
"1269865338",1
"8346212027",5
"5895783160",2
"1287386012",1
"933780569",1
"2004572522",1
"6178816294",35
"5433062186",-1
"1624167517",1
"1242381517",-4
"565306664",7
"6216454709",5
"7712951001",8
"8129658778",1
"2109944081",7
"1147197316",4
"6797598516",0
"983230592",1
"8031733143",29
"5881848407",4
"1405961627",-1
"7911049155",7
"6300864225",1
"905762276",-27
"776827756",4
"7220796520",3
"910395266",0
"7298947620",3
"7546047276",14
"1429413007",8
"403439638",0
"953585750",15
"1398458463",56
"335177158",5
"6811865644",9
"7144499699",9
"5332241180",3
"397976379",1
"7850381677",-1
"457650427",26
"1740697559",4
"1773365807",1
"1617709216",32
"7426533924",1
"957630029",1
"8527327237",3
"376920627",7
"5726458804",1
"6649324438",1
"5694231198",61
"424923035",3
"6810902420",2
"369268539",-2
"5313732699",2
"5009436020",1
"6302923825",7
"5899829455",-1
"8422525690",2
"6877988373",9
"7259506619",8
"5972109775",1
"5487118414",49
"1062040563",-2
"1693382308",14
"5622273411",13
"321086675",3
"1568176484",3
"2031756826",2
"1595630136",2
"5775962169",14
"5204325516",-1
"1137958248",4
"5533284300",5
"5385254459",-2
"6544417933",2
"7659557687",22
"1362794401",302
"988455083",2
"475883080",1
"722213616",8
"7374201702",1
"7690235223",2
"7466894758",28
"5277576006",5
"6691076564",1
"765811395",32
"5098121767",5
"7805996228",-1
"5951328061",1
"7049798795",317
"1020106816",2
"418866438",38
"5810398696",74
"8592156712",50
"6876229871",-5
"6557132976",1
"1713565158",1
"2134995908",104
"694970957",7
"7663006181",1
"5891492327",3
"7379579170",1
"7578356794",50
"1059050464",81
"704156405",10
"1398513277",7
"467740053",-1
"5248555654",8
"431579858",-18
"7273293454",80
"7623606356",4
"1271076246",2
"7060891299",1
"7891043769",46
"2134677020",7
"1148452930",9
"656377605",-2
"1262583715",4
"1909454068",10
"1828172755",5
"8292901788",6
"460996011",73
"6966314778",1
"859033845",-15
"7106837346",16
"7827006250",2
"810268508",3
"7798489323",38
"5848180215",6
"8349531562",40
"319009468",0
"315837946",3
"7224825143",9
"866277663",-19
"6001894626",14
"5701515965",13
"5825437314",15
"1150794859",65
"8056210855",28
"6239644154",2
"914348182",-1
"361726264",1
"7717949977",1
"1390254613",-1
"723501681",1
"1437288520",-2
"5175840687",1
"1893518889",50
"5825326049",-11
"1913567357",10
"8036359255",2
"6882512803",-20
"412002710",10
"544561930",2
"8167636891",12
"5608148884",18
"369999183",1
"505802030",-2
"8375420009",5
"5843828054",1
"7589636655",1
"5967143531",-2
"6675822116",-2
"6502575119",2
"7099803863",0
"6802063816",5
"8259261752",-1
"2122225748",-2
"1086236129",2
"7871774470",1
"940160106",10
"1339347184",1
"6637622791",1
"6314001593",1
"1047648367",1
"5930093489",49
"396402433",53
"7135838344",1
"5935603115",-1
"6117824987",1
"559268625",99
"7395220012",0
"311690802",6
"7517608150",4
"8011282814",87
"1481024533",4
"8573111454",2
"319454101",-1
"1033098860",7
"8443156660",1
"356250788",2
"5493487653",-2
"1079331454",5
"922147809",1
"8360846188",-1
"7891352814",0
"7972471327",-1
"1099362341",1
"5040724415",1
"8265101763",0
"8269238670",-6
"1754370712",-4
"6541006690",-1
"1136410666",-2
"6013284464",1
"2017576044",37
"5348726678",0
"325645751",3
"837626575",1
"7915700278",-10
"410869253",35
"6309762953",1
"1902369376",-5
"7778962733",6
"1375781097",2
"6857939848",12
"7817117610",-1
"7523818582",14
"6216869762",0
"7737303624",-3
"6108094472",4
"1050316465",25
"1250506043",1
"7067136964",1
"5824466086",-1
"6263212986",8
"5670608861",-1
"5058991560",2
"5047709640",9
"2003374617",6
"768389642",1
"6921207835",12
"813842906",10
"1253397612",5
"6878266664",-8
"5650908296",2
"8195864623",10
"7856640193",5
"6622356831",1
"7039053489",3
"6886087078",1
"8118989876",0
"6503384988",2
"1590697674",1
"458657142",0
"7876573174",949
"1017286993",16
"8106737225",1
"6628463633",0
"6026789652",232
"7609872803",29
"8082427880",3
"554689096",33
"5689639198",0
"698304652",11
"7929408075",13
"1371523561",4
"2089994892",-3
"1175791015",2
"1909277942",-3
"654390588",7
"7744940567",1
"5051090023",-1
"8173748020",-2
"697587560",5
"7000532922",1
"5234261641",3
"5334032918",4
"5779531688",558
"5866914037",7
"5827312884",14
"5340426144",-3
"7018282938",1
"1700275357",5
"429080709",1
"6197685977",19
"6513522038",5
"385542305",-3
"2036828973",1
"7911261888",1
"1140579500",19
"8169907578",1
"5816972493",211
"1714190669",-3
"5485565660",10
"5921190195",15
"1022432112",50
"528101144",10
"5848858966",3
"6667527497",7
"7311676685",2
"6987923370",13
"472379367",-1
"6206683396",1
"773372697",1
"6276725687",11
"620216449",6
"7096459090",1
"7349587131",-37
"5184608945",-13
"360027621",-2
"8065215112",1
"557425086",34
"5929394236",15
"370920342",1
"5083493738",10
"7984980757",541
"7264966208",308
"1568889911",599
"1801013160",83
"5751644112",5
"7345116845",2
"5342291885",12
"6492095419",0
"7459067167",-2
"6445199213",30
"7945982183",55
"756011892",875
"1058256074",1
"6214794341",-52
"8350789994",1
"7812818865",88
"5154182381",1
"5014292785",7476
"299850552",73
"6634362515",388
"5229023120",7
"1044193477",15
"1246961688",44
"6590653232",7
"1354282246",1
"6724632466",-3
"5458140485",6
"8492926740",8
"7361488893",76
"5429608879",5
"5682205464",33
"6751950687",-16
"8540271808",7
"6587414413",-18
"7295912751",-2
"835814483",1
"422680260",-35
"547482143",67
"1058587695",1
"1420198194",0
"5256285571",16
"863560134",-2
"6890774442",4
"5553466675",4
"5048358732",83
"6502407545",2
"390889210",-1
"1763306906",6
"6846916513",1
"7788868790",81
"857205250",5
"6289145851",55
"357341082",150
"348952539",43
"7234252969",77
"8163264100",9
"6212171221",16
"1051864908",1022
"815814660",23
"8161990253",398
"6804027482",1
"6280134128",5
"424684426",8
"621637141",-1
"1767388549",14
"534717744",5
"338250980",1
"6765893617",5
"6271516797",1
"7975262564",1
"5940530650",0
"977701485",2
"665982845",2
"7563130272",116
"5269090357",206
"5703576013",-1
"6757753826",1
"7554086097",3
"8207980011",-22
"991142850",1
"8266579417",-21
"7878529257",90
"749383162",3
"7041686796",0
"323644258",-2
"6990885862",-13
"6837858157",2
"6049410678",0
"1130040126",1
"7207229304",-2
"8386594191",7
"8487387358",447
"7124139326",1
"867008425",1
"7062298382",-39
"5457063817",8
"6136924533",4
"344043266",2
"5035812200",-3
"8143194233",10
"1662057952",60
"1409055423",38
"7444906995",-54
"614631972",4
"395156623",4
"1801650712",12
"8213454428",7
"6372737416",0
"702340719",5
"1352261215",11
"6777876831",179
"1314504610",76
"8442168764",2
"7481152641",1
"7563519821",19
"1940613654",429
"6653182858",18
"5069728888",57
"8131390295",6
"6786814214",6
"6559198848",88
"7296288790",1
"5339040711",90
"887175799",3
"545848148",-10
"1340085345",-7
"8328472940",8
"5107637843",1
"6940495193",2
"1379404757",1
"1674834036",1731
"8298728831",-42
"1320397494",193
"6109281173",0
"6562061399",62
"7388700051",2014
"6499363352",4107
"1200513111",-2
