"id","requester_id","recipient_id","status","created_at","updated_at"
79,"1199863915","1940613654","accepted","2025-10-01 10:24:47.237176+00","2025-10-01 10:24:55.838101+00"
52,"918056248","7758177630","accepted","2025-09-28 00:55:54.770184+00","2025-09-28 08:50:05.942025+00"
54,"960722772","6300074389","accepted","2025-09-28 09:09:20.43531+00","2025-09-28 09:09:36.73944+00"
55,"5237102694","5014292785","accepted","2025-09-28 09:39:05.300628+00","2025-09-28 09:48:33.154932+00"
1,"7897386358","7388700051","accepted","2025-09-14 21:15:16.314186+00","2025-09-14 21:31:47.522056+00"
6,"7388700051","5014292785","pending","2025-09-15 08:50:09.351164+00","2025-09-15 08:50:09.351164+00"
7,"710914858","5959249059","accepted","2025-09-15 09:05:26.204001+00","2025-09-15 09:05:33.94113+00"
8,"6194922788","7773846469","pending","2025-09-15 09:55:56.027082+00","2025-09-15 09:55:56.027082+00"
9,"7758177630","5014292785","pending","2025-09-15 10:19:57.434881+00","2025-09-15 10:19:57.434881+00"
10,"6779463630","5959249059","accepted","2025-09-15 16:23:15.08454+00","2025-09-15 16:25:25.024739+00"
11,"7025504966","1647829518","pending","2025-09-16 03:21:04.659154+00","2025-09-16 03:21:04.659154+00"
12,"1849516415","7852535272","accepted","2025-09-16 08:25:48.155582+00","2025-09-16 08:37:52.424362+00"
13,"7492318118","5014292785","accepted","2025-09-16 09:45:38.161797+00","2025-09-16 09:48:17.026959+00"
56,"923161634","5344949466","accepted","2025-09-28 14:42:13.650237+00","2025-09-28 14:42:42.270999+00"
14,"7795615574","5014292785","accepted","2025-09-16 12:20:11.524552+00","2025-09-16 12:41:45.433587+00"
16,"5014315387","5344544294","declined","2025-09-16 21:25:38.72255+00","2025-09-17 05:01:36.504713+00"
17,"8338186102","7795615574","accepted","2025-09-17 07:47:49.06783+00","2025-09-17 07:53:45.391517+00"
18,"6834002635","5014292785","pending","2025-09-17 12:58:20.861821+00","2025-09-17 12:58:20.861821+00"
57,"5861088790","1222542336","accepted","2025-09-29 04:37:17.664523+00","2025-09-29 05:51:23.477207+00"
22,"1849516415","7952605396","accepted","2025-09-17 18:48:13.507209+00","2025-09-17 18:48:38.109183+00"
20,"1006915047","7792172477","accepted","2025-09-17 18:28:52.253688+00","2025-09-17 19:55:23.484245+00"
19,"1345263378","5014292785","accepted","2025-09-17 18:26:42.46632+00","2025-09-18 03:44:22.806838+00"
23,"1152409369","7388700051","accepted","2025-09-18 16:49:23.704348+00","2025-09-18 16:50:04.389798+00"
24,"485859721","6376443523","accepted","2025-09-18 17:19:52.480111+00","2025-09-18 18:09:20.295367+00"
27,"485859721","949915518","accepted","2025-09-18 18:42:51.052198+00","2025-09-18 18:43:06.213501+00"
25,"485859721","8115373343","accepted","2025-09-18 18:42:00.825508+00","2025-09-18 18:58:42.557205+00"
26,"485859721","7446530116","accepted","2025-09-18 18:42:18.558541+00","2025-09-18 20:32:00.387605+00"
28,"7691494441","7168900029","accepted","2025-09-19 02:04:06.182223+00","2025-09-19 06:05:53.07616+00"
29,"1152409369","1166281843","pending","2025-09-19 06:32:29.632066+00","2025-09-19 06:32:29.632066+00"
30,"6582154303","5344544294","declined","2025-09-19 09:26:33.638081+00","2025-09-19 15:39:52.104023+00"
31,"1152409369","1391174363","accepted","2025-09-20 12:38:03.792006+00","2025-09-20 12:38:15.833842+00"
34,"5647903240","1940613654","accepted","2025-09-21 06:24:24.682207+00","2025-09-21 06:35:46.108806+00"
32,"5527748575","2044560643","accepted","2025-09-20 22:18:03.152166+00","2025-09-21 07:43:23.756519+00"
33,"7323448965","6067458886","accepted","2025-09-21 01:09:23.463883+00","2025-09-21 12:34:50.858702+00"
36,"5098657577","1391174363","accepted","2025-09-21 20:52:25.726669+00","2025-09-21 20:52:36.290907+00"
37,"6981232498","1940613654","accepted","2025-09-23 10:42:48.739196+00","2025-09-23 10:43:15.186227+00"
38,"6839822722","1940613654","accepted","2025-09-23 10:56:26.497662+00","2025-09-23 10:56:54.594086+00"
39,"918056248","7712292484","accepted","2025-09-24 09:54:13.567642+00","2025-09-24 09:55:46.108773+00"
40,"918056248","7178303858","accepted","2025-09-24 09:57:48.756869+00","2025-09-24 10:02:00.510708+00"
41,"918056248","1464568507","pending","2025-09-24 10:05:06.853921+00","2025-09-24 10:05:06.853921+00"
42,"6981232498","7629883828","accepted","2025-09-25 13:19:16.233503+00","2025-09-25 13:20:34.616814+00"
43,"351356603","7191029735","accepted","2025-09-26 19:43:27.879529+00","2025-09-26 20:28:00.22556+00"
45,"8035422901","6189779589","accepted","2025-09-27 07:06:47.344657+00","2025-09-27 07:06:55.025515+00"
59,"5546734859","6685543389","pending","2025-09-29 08:43:09.056786+00","2025-09-29 08:43:09.056786+00"
47,"7574362495","6189779589","accepted","2025-09-27 08:51:14.108986+00","2025-09-27 10:05:09.003915+00"
44,"2082630193","6189779589","accepted","2025-09-27 06:57:55.104856+00","2025-09-27 10:05:11.515631+00"
48,"533285204","8050312963","accepted","2025-09-27 17:40:15.797522+00","2025-09-27 17:40:44.423387+00"
49,"7578356794","5014292785","accepted","2025-09-27 18:53:28.796458+00","2025-09-27 19:13:22.545362+00"
50,"612205016","807504058","accepted","2025-09-27 19:24:33.432775+00","2025-09-27 19:24:41.980153+00"
51,"5067198717","5014292785","accepted","2025-09-27 20:27:05.818814+00","2025-09-27 21:12:35.254213+00"
58,"5189934287","6499363352","accepted","2025-09-29 08:40:19.922588+00","2025-09-29 08:45:36.254699+00"
60,"874902262","1507869523","pending","2025-09-29 09:05:24.761623+00","2025-09-29 09:05:24.761623+00"
61,"874902262","457252038","accepted","2025-09-29 09:05:28.958075+00","2025-09-29 09:07:12.701776+00"
63,"6651273237","699103879","accepted","2025-09-29 15:23:23.426634+00","2025-09-29 15:23:55.729463+00"
62,"6981232498","699103879","accepted","2025-09-29 15:12:08.069721+00","2025-09-29 15:26:17.772444+00"
65,"6868499362","5014292785","accepted","2025-09-29 19:08:21.794372+00","2025-09-29 19:12:26.371272+00"
66,"6834002635","5220371517","accepted","2025-09-29 19:49:07.492403+00","2025-09-29 19:55:22.957185+00"
64,"5014315387","6913252945","accepted","2025-09-29 17:04:57.540193+00","2025-09-29 20:11:51.409964+00"
67,"7911631857","7352212195","accepted","2025-09-30 10:49:42.029863+00","2025-09-30 11:31:28.197496+00"
69,"7911631857","7928364992","pending","2025-09-30 12:16:19.917014+00","2025-09-30 12:16:19.917014+00"
70,"7911631857","6507987020","pending","2025-09-30 12:24:42.487809+00","2025-09-30 12:24:42.487809+00"
73,"7911631857","6194922788","pending","2025-09-30 13:18:03.090147+00","2025-09-30 13:18:03.090147+00"
71,"7911631857","5014292785","accepted","2025-09-30 13:03:02.866577+00","2025-09-30 18:48:46.4982+00"
68,"7911631857","1940613654","accepted","2025-09-30 11:49:06.333776+00","2025-09-30 18:51:23.488647+00"
74,"7454748542","1103065697","pending","2025-09-30 18:52:22.096731+00","2025-09-30 18:52:22.096731+00"
72,"7911631857","5092379124","accepted","2025-09-30 13:04:15.08034+00","2025-09-30 20:11:44.104587+00"
75,"1115042518","6771479660","accepted","2025-09-30 20:20:52.906273+00","2025-09-30 20:25:28.511889+00"
76,"7043326530","684773974","accepted","2025-10-01 05:22:12.179823+00","2025-10-01 06:42:44.862502+00"
78,"8001992308","950703820","pending","2025-10-01 08:20:27.443663+00","2025-10-01 08:20:27.443663+00"
80,"5237102694","6993562534","declined","2025-10-01 12:56:01.360578+00","2025-10-01 12:56:56.769643+00"
81,"5237102694","6499363352","accepted","2025-10-01 18:17:43.253301+00","2025-10-01 18:18:32.122443+00"
82,"5237102694","950703820","accepted","2025-10-01 18:40:57.384368+00","2025-10-01 19:18:03.393057+00"
85,"6634362515","5487465855","pending","2025-10-01 20:23:20.318361+00","2025-10-01 20:23:20.318361+00"
86,"6634362515","8034247290","accepted","2025-10-01 20:23:35.498319+00","2025-10-01 20:24:58.357686+00"
87,"710914858","5220371517","accepted","2025-10-01 21:54:17.354332+00","2025-10-01 23:01:30.615265+00"
91,"5861088790","7528200033","accepted","2025-10-02 06:12:10.503685+00","2025-10-02 06:12:46.040814+00"
92,"5850632565","7528200033","accepted","2025-10-02 06:55:39.005638+00","2025-10-02 06:59:53.851149+00"
90,"1189111169","1940613654","declined","2025-10-02 04:58:47.639512+00","2025-10-02 07:12:29.456182+00"
89,"1201360478","1940613654","declined","2025-10-01 22:36:27.108792+00","2025-10-02 07:12:32.632135+00"
84,"1762956875","1940613654","declined","2025-10-01 20:03:54.044101+00","2025-10-02 07:12:34.998654+00"
93,"6344107400","1940613654","pending","2025-10-02 07:11:55.3317+00","2025-10-02 07:13:26.950121+00"
88,"710914858","855757095","accepted","2025-10-01 21:54:33.770793+00","2025-10-02 07:18:52.558221+00"
95,"7673666831","1716325695","pending","2025-10-02 08:09:32.135965+00","2025-10-02 08:09:32.135965+00"
97,"5220371517","8115373343","accepted","2025-10-02 08:12:58.306598+00","2025-10-02 08:13:01.62881+00"
96,"8115373343","855757095","accepted","2025-10-02 08:12:56.493769+00","2025-10-02 08:20:11.487705+00"
98,"5220371517","7876573174","pending","2025-10-02 10:11:23.73969+00","2025-10-02 10:11:23.73969+00"
99,"1583149562","6831414453","declined","2025-10-02 17:46:34.43786+00","2025-10-02 18:13:47.91878+00"
83,"7911631857","6467486572","accepted","2025-10-01 18:46:50.493385+00","2025-10-02 18:58:52.621541+00"
100,"6344107400","8096218109","pending","2025-10-02 20:58:26.495082+00","2025-10-02 20:58:26.495082+00"
101,"6637278528","898224518","pending","2025-10-03 04:53:30.138693+00","2025-10-03 04:53:30.138693+00"
102,"1090728787","5650409458","accepted","2025-10-03 05:03:07.889341+00","2025-10-03 07:44:01.246573+00"
104,"8115373343","386261453","accepted","2025-10-03 07:49:35.532603+00","2025-10-03 08:52:13.280232+00"
105,"6246705918","1011215957","accepted","2025-10-03 08:48:06.701722+00","2025-10-03 09:31:04.341538+00"
106,"8111064287","1940613654","pending","2025-10-03 10:44:03.731753+00","2025-10-03 10:44:03.731753+00"
107,"7911631857","6246705918","pending","2025-10-03 12:05:37.279321+00","2025-10-03 12:05:37.279321+00"
108,"7231257941","774147657","declined","2025-10-03 13:51:55.511306+00","2025-10-03 13:59:13.008251+00"
109,"6981232498","5344544294","accepted","2025-10-03 13:56:29.755198+00","2025-10-03 14:00:44.494941+00"
103,"8115373343","8096218109","accepted","2025-10-03 07:49:19.536201+00","2025-10-03 14:10:04.359915+00"
110,"6981232498","462966491","pending","2025-10-03 14:27:03.604927+00","2025-10-03 14:27:03.604927+00"
111,"2099454675","774147657","pending","2025-10-03 17:48:49.838004+00","2025-10-03 17:48:49.838004+00"
112,"8178767814","5489505685","accepted","2025-10-03 18:10:06.647653+00","2025-10-03 18:10:31.956506+00"
113,"6344107400","2099454675","accepted","2025-10-03 18:59:20.967509+00","2025-10-03 18:59:53.430915+00"
114,"6189779589","1377944646","accepted","2025-10-03 19:32:23.72134+00","2025-10-03 19:47:25.103389+00"
116,"5011355321","1302345642","accepted","2025-10-03 20:22:30.535391+00","2025-10-03 20:22:41.417536+00"
115,"6834002635","5344544294","accepted","2025-10-03 20:20:16.259495+00","2025-10-04 03:47:34.574758+00"
118,"5398360915","1940613654","accepted","2025-10-04 09:34:58.622759+00","2025-10-04 09:54:34.467216+00"
117,"5130529877","6332613822","accepted","2025-10-04 08:29:17.29487+00","2025-10-04 10:56:06.358664+00"
158,"6981232498","5014292785","accepted","2025-10-06 14:17:10.741227+00","2025-10-06 14:17:19.191016+00"
121,"6887182283","1940613654","accepted","2025-10-04 14:02:55.030633+00","2025-10-04 14:04:11.091957+00"
122,"6887182283","5014292785","accepted","2025-10-04 14:12:07.482189+00","2025-10-04 14:15:11.221502+00"
123,"6344107400","7398567548","accepted","2025-10-04 14:58:02.178152+00","2025-10-04 14:58:41.955677+00"
124,"6438375349","774147657","accepted","2025-10-04 16:13:15.802442+00","2025-10-04 16:17:55.698548+00"
125,"1079501372","5014292785","accepted","2025-10-04 16:29:47.52699+00","2025-10-04 16:31:53.132878+00"
126,"8487387358","7388700051","pending","2025-10-04 17:11:11.320648+00","2025-10-04 17:11:11.320648+00"
159,"6887182283","5145057341","pending","2025-10-06 17:50:13.821099+00","2025-10-06 17:50:13.821099+00"
128,"6499363352","703138365","declined","2025-10-04 17:58:51.150408+00","2025-10-04 17:59:10.00555+00"
119,"6834002635","1053241387","pending","2025-10-04 13:14:47.60999+00","2025-10-04 18:38:18.128601+00"
127,"559252407","7359357860","accepted","2025-10-04 17:47:33.022212+00","2025-10-04 20:07:46.249968+00"
130,"6834002635","6499363352","accepted","2025-10-05 03:03:20.856211+00","2025-10-05 06:11:43.723009+00"
131,"6499363352","969223988","accepted","2025-10-05 07:41:06.663867+00","2025-10-05 07:41:14.918977+00"
132,"8109112246","5014292785","accepted","2025-10-05 07:53:54.326111+00","2025-10-05 07:56:20.934585+00"
134,"8109112246","1940613654","pending","2025-10-05 07:56:54.752414+00","2025-10-05 07:56:54.752414+00"
133,"7795615574","6332613822","accepted","2025-10-05 07:56:50.219084+00","2025-10-05 07:57:03.372381+00"
138,"6438375349","7359357860","accepted","2025-10-05 09:06:08.120162+00","2025-10-05 10:06:41.476086+00"
135,"7795615574","7359357860","accepted","2025-10-05 08:02:42.523957+00","2025-10-05 10:06:45.716034+00"
139,"543435634","5014292785","accepted","2025-10-05 11:28:10.454698+00","2025-10-05 11:31:59.086708+00"
161,"7919816582","6834002635","accepted","2025-10-06 19:48:21.432545+00","2025-10-06 19:48:32.575936+00"
162,"5820676652","859504305","accepted","2025-10-06 20:08:15.614674+00","2025-10-06 20:09:57.98127+00"
140,"8436061444","5014292785","accepted","2025-10-05 11:35:43.240706+00","2025-10-05 11:39:03.451178+00"
143,"2056021138","5014292785","accepted","2025-10-05 14:15:59.859521+00","2025-10-05 14:16:37.823105+00"
144,"6499363352","6378224007","accepted","2025-10-05 14:34:32.96501+00","2025-10-05 14:34:42.250757+00"
145,"5986399541","6834002635","accepted","2025-10-05 15:23:07.659778+00","2025-10-05 15:25:34.420554+00"
146,"7222244857","7388700051","accepted","2025-10-05 16:01:34.66414+00","2025-10-05 16:01:43.283921+00"
137,"7795615574","351356603","accepted","2025-10-05 08:57:07.74864+00","2025-10-05 17:31:16.772926+00"
147,"5067198717","5145057341","pending","2025-10-05 17:36:15.163747+00","2025-10-05 17:36:15.163747+00"
148,"7264966208","774147657","accepted","2025-10-05 17:39:43.791747+00","2025-10-05 17:42:56.232895+00"
149,"5505407559","7388700051","pending","2025-10-05 19:33:46.696696+00","2025-10-05 19:33:46.696696+00"
150,"7202700575","6914943213","accepted","2025-10-05 20:21:56.5965+00","2025-10-05 20:27:46.434651+00"
151,"7574362495","7388700051","accepted","2025-10-06 07:41:45.43984+00","2025-10-06 07:42:04.249988+00"
152,"6037647623","1746332408","accepted","2025-10-06 08:46:17.18783+00","2025-10-06 08:46:54.899403+00"
153,"955679410","7191883532","accepted","2025-10-06 08:47:54.676263+00","2025-10-06 08:50:34.278789+00"
154,"1275082033","5014292785","accepted","2025-10-06 10:19:09.434659+00","2025-10-06 10:19:14.886671+00"
155,"903963080","887552308","accepted","2025-10-06 10:36:53.0252+00","2025-10-06 10:48:10.056057+00"
156,"6179841738","5014292785","accepted","2025-10-06 11:09:56.88376+00","2025-10-06 12:37:21.714373+00"
157,"1073897353","5011355321","accepted","2025-10-06 13:25:14.976653+00","2025-10-06 13:39:26.017915+00"
163,"6677448256","5014292785","accepted","2025-10-06 20:51:57.641966+00","2025-10-06 20:52:24.595581+00"
160,"7919816582","6332613822","accepted","2025-10-06 19:48:01.96636+00","2025-10-07 03:17:47.129732+00"
164,"7407858484","5220371517","pending","2025-10-07 08:13:51.094996+00","2025-10-07 08:13:51.094996+00"
165,"7407858484","1751884518","accepted","2025-10-07 08:14:27.78503+00","2025-10-07 08:14:59.943659+00"
166,"7386771058","6499363352","accepted","2025-10-07 09:30:50.730592+00","2025-10-07 09:31:05.164848+00"
167,"7407858484","855984276","pending","2025-10-07 10:22:54.325248+00","2025-10-07 10:22:54.325248+00"
183,"6634362515","5014292785","pending","2025-10-07 17:45:57.862727+00","2025-10-07 17:45:57.862727+00"
168,"7407858484","6499363352","accepted","2025-10-07 10:23:34.745126+00","2025-10-07 10:32:57.818589+00"
184,"7911631857","5344544294","accepted","2025-10-07 17:46:14.009223+00","2025-10-07 17:46:21.707797+00"
170,"6927034075","7679369663","pending","2025-10-07 11:15:09.939318+00","2025-10-07 11:15:52.164415+00"
173,"482290538","1940613654","pending","2025-10-07 11:52:18.148426+00","2025-10-07 11:52:18.148426+00"
174,"482290538","5014292785","accepted","2025-10-07 12:08:13.070687+00","2025-10-07 12:08:56.964655+00"
175,"1995230930","5014292785","accepted","2025-10-07 12:11:10.564434+00","2025-10-07 12:11:23.472034+00"
176,"482290538","7359357860","pending","2025-10-07 12:12:27.61276+00","2025-10-07 12:12:27.61276+00"
177,"2120903391","468381792","accepted","2025-10-07 15:09:54.464418+00","2025-10-07 16:41:08.246363+00"
185,"6634362515","7264966208","pending","2025-10-07 17:53:47.786012+00","2025-10-07 17:53:47.786012+00"
172,"6834002635","977600260","accepted","2025-10-07 11:18:04.765246+00","2025-10-07 17:09:39.222897+00"
180,"5713614056","5918213267","accepted","2025-10-07 17:32:03.705406+00","2025-10-07 17:32:08.364399+00"
179,"1667237352","1103065697","accepted","2025-10-07 17:28:03.829249+00","2025-10-07 17:37:00.476188+00"
181,"6160727207","5014292785","accepted","2025-10-07 17:40:49.720802+00","2025-10-07 17:40:56.408115+00"
182,"5713614056","5014292785","pending","2025-10-07 17:41:11.133362+00","2025-10-07 17:41:11.133362+00"
186,"6634362515","5713614056","accepted","2025-10-07 18:05:19.580019+00","2025-10-07 18:05:30.242991+00"
187,"6163220554","977600260","accepted","2025-10-07 18:09:07.107995+00","2025-10-07 18:09:21.418393+00"
188,"1302345642","6332613822","pending","2025-10-07 18:44:32.325537+00","2025-10-07 18:44:32.325537+00"
189,"590463306","6499363352","accepted","2025-10-07 21:08:05.691355+00","2025-10-08 06:37:03.515742+00"
190,"1575247979","8115373343","accepted","2025-10-08 06:49:27.663408+00","2025-10-08 06:50:49.765362+00"
191,"1575247979","5014292785","pending","2025-10-08 07:28:12.66967+00","2025-10-08 07:28:12.66967+00"
192,"7231257941","6499363352","accepted","2025-10-08 13:56:10.757111+00","2025-10-08 15:02:48.064399+00"
194,"1602640976","5313962840","accepted","2025-10-08 16:15:29.822796+00","2025-10-08 16:16:03.573666+00"
195,"5959533967","5313962840","accepted","2025-10-08 16:17:35.336015+00","2025-10-08 16:17:44.042369+00"
196,"905136049","5014292785","accepted","2025-10-08 16:39:56.422561+00","2025-10-08 16:40:09.018702+00"
193,"7796998749","7911631857","accepted","2025-10-08 15:26:32.493453+00","2025-10-08 16:45:59.591274+00"
197,"6044095332","1399328231","accepted","2025-10-08 20:48:17.645208+00","2025-10-09 03:24:51.686567+00"
198,"1976484709","1199863915","accepted","2025-10-09 13:07:02.90476+00","2025-10-09 13:07:35.823085+00"
199,"1199863915","1103065697","accepted","2025-10-09 13:32:02.234586+00","2025-10-09 14:23:19.406628+00"
200,"7931937025","5014292785","accepted","2025-10-09 18:07:48.829112+00","2025-10-09 18:10:59.392104+00"
203,"8128238271","5014292785","pending","2025-10-09 19:32:18.973871+00","2025-10-09 19:32:18.973871+00"
202,"1465944838","5014292785","accepted","2025-10-09 19:31:20.020322+00","2025-10-09 19:33:19.860656+00"
204,"967771245","5505407559","accepted","2025-10-09 19:45:34.283364+00","2025-10-09 19:52:19.142516+00"
205,"5130529877","703138365","accepted","2025-10-09 20:16:46.19636+00","2025-10-09 20:17:16.343251+00"
206,"6652418571","5014292785","pending","2025-10-09 21:17:41.113386+00","2025-10-09 21:17:41.113386+00"
207,"6652418571","5918213267","accepted","2025-10-09 21:19:03.629868+00","2025-10-09 21:19:24.550166+00"
208,"8436061444","1184308901","pending","2025-10-10 03:25:00.021353+00","2025-10-10 03:25:00.021353+00"
209,"923161634","5014292785","pending","2025-10-10 05:10:47.384312+00","2025-10-10 05:10:47.384312+00"
210,"7210483995","8115373343","pending","2025-10-10 05:56:57.445844+00","2025-10-10 05:56:57.445844+00"
211,"1446432638","462966491","accepted","2025-10-10 07:32:19.288045+00","2025-10-10 07:33:08.362847+00"
212,"7647636604","8132883465","accepted","2025-10-10 08:21:15.695539+00","2025-10-10 08:21:28.889119+00"
213,"6652418571","6904498279","pending","2025-10-10 09:49:33.444531+00","2025-10-10 09:49:33.444531+00"
214,"7386771058","5313962840","accepted","2025-10-10 10:57:12.089792+00","2025-10-10 11:28:19.918139+00"
216,"5377571890","7388700051","accepted","2025-10-10 11:11:34.003852+00","2025-10-10 11:37:48.500565+00"
220,"1115042518","8487387358","accepted","2025-10-10 12:23:53.578717+00","2025-10-10 12:37:17.566621+00"
261,"710914858","1146932382","accepted","2025-10-12 14:12:10.50567+00","2025-10-12 14:21:06.254708+00"
223,"7795615574","7108642817","pending","2025-10-10 12:55:25.618854+00","2025-10-10 12:55:25.618854+00"
222,"7795615574","6387738491","accepted","2025-10-10 12:54:11.886429+00","2025-10-10 12:55:54.535662+00"
221,"7795615574","8487387358","accepted","2025-10-10 12:44:59.631727+00","2025-10-10 13:07:17.074291+00"
219,"1115042518","1103065697","accepted","2025-10-10 12:23:25.501349+00","2025-10-10 14:52:07.669522+00"
218,"8436061444","1103065697","accepted","2025-10-10 12:20:45.291449+00","2025-10-10 14:52:09.53722+00"
217,"710914858","1103065697","accepted","2025-10-10 12:19:44.869278+00","2025-10-10 14:52:11.042998+00"
225,"8436061444","8487387358","accepted","2025-10-10 15:08:22.168442+00","2025-10-10 15:11:08.038028+00"
226,"7795615574","8132883465","accepted","2025-10-10 15:30:37.280207+00","2025-10-10 15:31:58.474556+00"
228,"8436061444","7940722669","accepted","2025-10-10 16:58:01.849033+00","2025-10-10 16:59:31.737203+00"
227,"7919816582","1751884518","accepted","2025-10-10 16:40:55.359572+00","2025-10-10 17:33:21.318066+00"
229,"855757095","8132883465","accepted","2025-10-10 18:34:43.03716+00","2025-10-10 18:35:00.944293+00"
231,"8183840656","7838410273","accepted","2025-10-11 06:17:08.330639+00","2025-10-11 06:17:51.200935+00"
232,"8183840656","1131741322","accepted","2025-10-11 06:17:35.185621+00","2025-10-11 06:42:49.825096+00"
230,"1567196451","8115373343","accepted","2025-10-11 06:17:01.094488+00","2025-10-11 07:05:15.348578+00"
234,"1051999376","6631631388","pending","2025-10-11 07:59:05.304716+00","2025-10-11 07:59:05.304716+00"
236,"1051999376","6387738491","accepted","2025-10-11 08:05:14.52645+00","2025-10-11 08:08:21.070255+00"
237,"7628715805","5344544294","accepted","2025-10-11 14:13:51.497459+00","2025-10-11 14:14:15.457427+00"
287,"8481704883","5014292785","pending","2025-10-12 19:19:00.908951+00","2025-10-12 19:19:00.908951+00"
238,"7628715805","6981232498","accepted","2025-10-11 14:13:52.253096+00","2025-10-11 14:34:36.35173+00"
235,"1051999376","8487387358","accepted","2025-10-11 08:01:12.343713+00","2025-10-11 14:45:16.233151+00"
241,"6981232498","1184308901","accepted","2025-10-11 15:05:03.321295+00","2025-10-11 15:05:15.321421+00"
242,"1112901936","8115373343","accepted","2025-10-11 17:13:48.806173+00","2025-10-11 17:14:04.931876+00"
243,"441919191","1940613654","pending","2025-10-11 20:07:20.335118+00","2025-10-11 20:07:20.335118+00"
262,"807504058","1146932382","accepted","2025-10-12 14:31:29.867432+00","2025-10-12 16:38:25.942393+00"
244,"5269090357","1298762938","accepted","2025-10-11 20:24:52.583248+00","2025-10-11 20:27:36.29073+00"
239,"7628715805","2067005716","accepted","2025-10-11 14:13:55.482583+00","2025-10-12 00:58:52.135205+00"
246,"1311479066","684773974","declined","2025-10-11 21:02:58.254368+00","2025-10-12 04:32:58.180353+00"
247,"425585187","5261108402","accepted","2025-10-12 04:32:07.768067+00","2025-10-12 06:06:42.937573+00"
248,"7457480544","6499363352","accepted","2025-10-12 06:43:24.442032+00","2025-10-12 07:01:47.028274+00"
233,"1051999376","1751884518","accepted","2025-10-11 07:58:15.727538+00","2025-10-12 09:07:30.442356+00"
249,"1978240812","1381462660","declined","2025-10-12 09:25:15.846862+00","2025-10-12 09:36:45.671693+00"
251,"6977599613","8487387358","accepted","2025-10-12 09:46:54.459061+00","2025-10-12 09:48:26.342492+00"
252,"5220837501","782223844","declined","2025-10-12 09:58:02.040974+00","2025-10-12 10:35:02.182655+00"
250,"1978240812","5966722613","declined","2025-10-12 09:37:21.152019+00","2025-10-12 10:37:51.732415+00"
255,"1115042518","5237102694","accepted","2025-10-12 10:45:05.970717+00","2025-10-12 10:45:56.026408+00"
256,"1115042518","6179841738","accepted","2025-10-12 10:46:10.13642+00","2025-10-12 11:14:19.517639+00"
260,"7487681492","6499363352","accepted","2025-10-12 11:24:30.979782+00","2025-10-12 11:24:40.890792+00"
253,"5220837501","703138365","accepted","2025-10-12 10:15:28.178115+00","2025-10-12 11:44:01.74531+00"
254,"728820961","7612540718","accepted","2025-10-12 10:39:14.046649+00","2025-10-12 11:44:41.176613+00"
258,"1115042518","7612540718","accepted","2025-10-12 10:46:51.825177+00","2025-10-12 11:44:49.418331+00"
257,"1115042518","7084003937","accepted","2025-10-12 10:46:31.709533+00","2025-10-12 11:49:03.165547+00"
286,"7352497559","5014292785","accepted","2025-10-12 19:17:06.696652+00","2025-10-12 19:21:24.719841+00"
289,"7795615574","8162953981","accepted","2025-10-12 20:18:41.669167+00","2025-10-12 20:18:49.646702+00"
291,"8162953981","6808362524","accepted","2025-10-12 20:20:49.598916+00","2025-10-12 20:20:59.428001+00"
284,"8481704883","7264966208","accepted","2025-10-12 19:02:27.652775+00","2025-10-12 20:33:43.714183+00"
292,"1320397494","7681628337","accepted","2025-10-12 20:39:27.048723+00","2025-10-12 20:39:36.982051+00"
290,"8162953981","1320397494","accepted","2025-10-12 20:20:45.247259+00","2025-10-12 20:40:58.309143+00"
259,"1115042518","8373033343","accepted","2025-10-12 11:19:26.959522+00","2025-10-13 03:15:09.050846+00"
306,"1121019958","8172466679","accepted","2025-10-13 20:15:21.618731+00","2025-10-13 20:15:58.480998+00"
288,"6179841738","1146932382","accepted","2025-10-12 19:25:56.009153+00","2025-10-13 03:36:29.260906+00"
305,"7919816582","6499363352","accepted","2025-10-13 20:15:15.08102+00","2025-10-13 23:16:02.649268+00"
307,"1660367424","5014292785","pending","2025-10-13 23:32:14.657762+00","2025-10-13 23:32:14.657762+00"
308,"6110336587","1760862707","accepted","2025-10-14 06:52:30.187009+00","2025-10-14 06:53:31.023526+00"
297,"8179959742","1666565021","pending","2025-10-13 12:37:38.274969+00","2025-10-13 12:37:38.274969+00"
294,"1984303263","7260661379","accepted","2025-10-13 07:08:19.524504+00","2025-10-13 14:06:56.953309+00"
298,"5130529877","7914581161","declined","2025-10-13 14:51:49.236935+00","2025-10-13 14:53:27.33677+00"
299,"5980863479","8465583346","accepted","2025-10-13 15:03:09.569922+00","2025-10-13 15:03:21.097881+00"
264,"7919816582","1053241387","declined","2025-10-12 17:26:24.275358+00","2025-10-13 15:23:38.779649+00"
300,"8465583346","6233075737","pending","2025-10-13 15:40:45.160509+00","2025-10-13 15:40:45.160509+00"
301,"7885710518","872690594","pending","2025-10-13 15:57:32.667939+00","2025-10-13 15:57:32.667939+00"
302,"7885710518","6499363352","accepted","2025-10-13 16:39:09.626189+00","2025-10-13 16:39:35.996203+00"
303,"8399229432","5014292785","accepted","2025-10-13 17:05:06.828404+00","2025-10-13 17:06:18.339712+00"
304,"1115042518","699103879","accepted","2025-10-13 17:18:25.362706+00","2025-10-13 17:19:56.348308+00"
309,"5662709983","1760862707","accepted","2025-10-14 06:57:12.046069+00","2025-10-14 06:57:25.00501+00"
310,"7726740364","1851424766","accepted","2025-10-14 09:04:11.321485+00","2025-10-14 09:49:22.374583+00"
313,"8436061444","7691494441","accepted","2025-10-14 12:37:30.750238+00","2025-10-14 12:38:03.735193+00"
311,"7531904484","5376506038","accepted","2025-10-14 11:19:16.317239+00","2025-10-14 12:41:07.344083+00"
312,"8436061444","989260246","declined","2025-10-14 12:37:25.365302+00","2025-10-14 12:45:58.037077+00"
315,"519265304","7691494441","pending","2025-10-14 14:51:09.110724+00","2025-10-14 14:51:09.110724+00"
316,"6930563706","8487387358","accepted","2025-10-14 14:56:06.981214+00","2025-10-14 14:56:53.612024+00"
321,"754688541","5014292785","accepted","2025-10-15 03:34:27.354207+00","2025-10-15 03:44:58.472753+00"
318,"442993299","6000189961","accepted","2025-10-14 15:03:55.33055+00","2025-10-14 15:04:24.551141+00"
317,"6930563706","5237102694","accepted","2025-10-14 14:56:10.963715+00","2025-10-14 15:33:52.72433+00"
320,"8373033343","6179841738","pending","2025-10-14 16:18:52.568245+00","2025-10-14 16:18:52.568245+00"
322,"855757095","7919816582","accepted","2025-10-15 18:25:34.821208+00","2025-10-15 18:33:34.538428+00"
314,"1687141840","8399229432","accepted","2025-10-14 13:27:04.179559+00","2025-10-15 19:13:19.661397+00"
323,"7724848115","5092379124","accepted","2025-10-15 19:49:06.543554+00","2025-10-15 19:55:51.718423+00"
324,"619337522","7679369663","accepted","2025-10-16 12:33:56.268232+00","2025-10-16 14:56:51.04321+00"
325,"8132883465","6160727207","accepted","2025-10-16 16:13:24.023137+00","2025-10-16 16:13:34.711218+00"
326,"7795615574","7647636604","pending","2025-10-16 17:44:03.460045+00","2025-10-16 17:44:03.460045+00"
327,"6631631388","8487387358","declined","2025-10-16 17:57:09.014007+00","2025-10-16 17:57:17.937434+00"
329,"6179841738","8487387358","pending","2025-10-16 18:33:40.695678+00","2025-10-16 18:33:40.695678+00"
330,"6615847088","989260246","declined","2025-10-16 18:36:42.29976+00","2025-10-16 18:53:42.339172+00"
328,"482290538","7647636604","accepted","2025-10-16 18:24:38.678091+00","2025-10-16 19:09:47.347311+00"
331,"6179841738","7647636604","accepted","2025-10-16 18:38:37.077728+00","2025-10-16 19:09:50.284888+00"
332,"1115042518","7627824015","accepted","2025-10-16 20:18:38.437521+00","2025-10-16 20:22:38.514547+00"
334,"8132334378","5938779438","accepted","2025-10-16 20:38:32.148824+00","2025-10-16 20:38:53.389589+00"
333,"1115042518","7647636604","accepted","2025-10-16 20:36:38.448953+00","2025-10-16 20:39:14.079363+00"
336,"5644207381","7227165178","pending","2025-10-17 03:53:34.059202+00","2025-10-17 03:53:34.059202+00"
392,"7202700575","7149512328","declined","2025-10-21 20:01:56.584807+00","2025-10-21 20:09:14.162842+00"
335,"8132334378","6922947198","declined","2025-10-17 03:41:33.591967+00","2025-10-17 04:11:00.973527+00"
337,"8132883465","5237102694","accepted","2025-10-17 03:58:55.680981+00","2025-10-17 04:17:37.61543+00"
338,"7627824015","5237102694","accepted","2025-10-17 04:04:48.071429+00","2025-10-17 04:17:40.065283+00"
340,"5938779438","6922947198","pending","2025-10-17 04:30:58.927903+00","2025-10-17 04:30:58.927903+00"
341,"7647636604","1940613654","accepted","2025-10-17 04:34:17.21456+00","2025-10-17 04:44:06.737677+00"
343,"1233599146","5995508885","accepted","2025-10-17 05:44:14.868076+00","2025-10-17 05:49:59.981145+00"
342,"6525724910","5995508885","accepted","2025-10-17 05:35:03.962253+00","2025-10-17 05:50:00.745596+00"
344,"7795615574","5359690831","accepted","2025-10-17 07:52:39.422458+00","2025-10-17 07:53:09.579833+00"
393,"6367489225","5014292785","accepted","2025-10-21 21:50:24.010687+00","2025-10-21 21:50:31.182599+00"
346,"571568870","6142542468","accepted","2025-10-17 10:34:39.297942+00","2025-10-17 10:40:06.007607+00"
349,"1285031736","442993299","pending","2025-10-17 11:05:27.392915+00","2025-10-17 11:05:27.392915+00"
348,"1112901936","7386771058","accepted","2025-10-17 10:48:39.286735+00","2025-10-17 11:08:52.940324+00"
345,"571568870","7225517972","accepted","2025-10-17 10:34:01.990021+00","2025-10-17 12:45:38.808167+00"
350,"7766409683","1164080149","accepted","2025-10-17 12:03:51.33497+00","2025-10-17 12:47:00.387021+00"
352,"7578307771","5206747011","pending","2025-10-17 15:28:30.790562+00","2025-10-17 15:28:30.790562+00"
351,"1330683505","5995508885","accepted","2025-10-17 12:54:34.886676+00","2025-10-17 16:26:15.62764+00"
355,"5703576013","7773846469","pending","2025-10-17 16:39:00.773065+00","2025-10-17 16:39:00.773065+00"
353,"5703576013","7732498367","accepted","2025-10-17 16:31:49.554068+00","2025-10-17 16:39:11.534547+00"
356,"6887182283","989260246","declined","2025-10-18 04:34:13.384077+00","2025-10-18 04:47:04.989025+00"
357,"8474266304","7914581161","pending","2025-10-18 04:56:34.87555+00","2025-10-18 04:56:34.87555+00"
358,"629782812","7388700051","accepted","2025-10-18 12:41:44.611865+00","2025-10-18 12:52:05.311536+00"
359,"8350809467","5416031956","accepted","2025-10-19 05:44:53.71642+00","2025-10-19 06:08:05.139813+00"
360,"1667237352","763440072","accepted","2025-10-19 07:30:01.198666+00","2025-10-19 07:30:26.813658+00"
361,"1121963383","5014292785","pending","2025-10-19 08:53:08.740393+00","2025-10-19 08:53:08.740393+00"
362,"448028959","8487387358","pending","2025-10-19 09:00:32.481784+00","2025-10-19 09:00:32.481784+00"
363,"5272972475","7931937025","pending","2025-10-19 12:30:17.371641+00","2025-10-19 12:30:17.371641+00"
365,"5213764043","5014292785","accepted","2025-10-20 07:04:27.196096+00","2025-10-20 07:05:15.777214+00"
366,"8191641097","5405718080","accepted","2025-10-20 07:16:49.447361+00","2025-10-20 07:31:01.225581+00"
367,"7191029735","5298057898","pending","2025-10-20 11:06:21.681744+00","2025-10-20 11:06:21.681744+00"
364,"6333691485","7758177630","accepted","2025-10-20 05:52:46.214377+00","2025-10-20 11:29:10.276003+00"
368,"6333691485","644071764","pending","2025-10-20 11:37:27.851504+00","2025-10-20 11:37:27.851504+00"
369,"1115042518","774147657","pending","2025-10-20 14:56:54.588457+00","2025-10-20 14:56:54.588457+00"
370,"5272972475","7758177630","accepted","2025-10-20 16:29:07.212596+00","2025-10-20 16:29:18.021809+00"
371,"5272972475","989260246","declined","2025-10-20 16:29:28.215747+00","2025-10-20 17:10:24.612012+00"
372,"8373033343","1121963383","accepted","2025-10-20 17:13:41.321739+00","2025-10-20 17:23:58.513963+00"
391,"896207190","5405718080","accepted","2025-10-21 19:43:19.349808+00","2025-10-22 03:28:15.521918+00"
374,"8373033343","7679369663","accepted","2025-10-20 17:20:31.767778+00","2025-10-20 17:29:37.62282+00"
373,"8373033343","7084003937","accepted","2025-10-20 17:14:01.46561+00","2025-10-20 17:35:00.741342+00"
394,"7773846469","6233075737","declined","2025-10-21 23:45:26.695545+00","2025-10-22 04:25:32.214568+00"
395,"5539448340","1787548595","pending","2025-10-22 06:52:49.83738+00","2025-10-22 06:52:49.83738+00"
376,"690152859","7647636604","declined","2025-10-20 20:43:27.768845+00","2025-10-21 06:39:26.825887+00"
378,"1157551509","6499363352","accepted","2025-10-21 07:17:54.456635+00","2025-10-21 09:21:39.514758+00"
379,"999212136","5014292785","pending","2025-10-21 10:42:39.797534+00","2025-10-21 10:42:39.797534+00"
380,"429713086","7679369663","accepted","2025-10-21 13:05:15.197547+00","2025-10-21 13:14:41.97807+00"
381,"2107806831","5014292785","pending","2025-10-21 17:39:33.842657+00","2025-10-21 17:39:33.842657+00"
382,"6787538972","5885228554","pending","2025-10-21 17:51:53.065056+00","2025-10-21 17:51:53.065056+00"
383,"1115042518","6507987020","declined","2025-10-21 18:25:15.048161+00","2025-10-21 18:26:36.981387+00"
384,"1815638450","6815529351","accepted","2025-10-21 18:26:13.92116+00","2025-10-21 18:26:54.460543+00"
385,"6179841738","6507987020","pending","2025-10-21 18:27:54.538654+00","2025-10-21 18:27:54.538654+00"
386,"626818740","6507987020","pending","2025-10-21 18:36:21.499785+00","2025-10-21 18:36:21.499785+00"
387,"7457480544","6507987020","pending","2025-10-21 18:38:48.782297+00","2025-10-21 18:38:48.782297+00"
413,"8178595410","6557982583","pending","2025-10-23 08:48:38.665494+00","2025-10-23 08:48:38.665494+00"
388,"7231257941","8178595410","accepted","2025-10-21 18:49:54.199772+00","2025-10-21 18:59:39.881048+00"
390,"8133207412","6507987020","pending","2025-10-21 19:11:19.374133+00","2025-10-21 19:11:19.374133+00"
396,"8345240157","1103065697","accepted","2025-10-22 06:59:27.667541+00","2025-10-22 07:00:26.767016+00"
397,"8132883465","5515011338","pending","2025-10-22 09:29:27.94968+00","2025-10-22 09:29:27.94968+00"
398,"6344107400","6499363352","accepted","2025-10-22 11:01:47.745621+00","2025-10-22 11:02:12.325604+00"
399,"6344107400","5014292785","accepted","2025-10-22 11:03:35.259511+00","2025-10-22 11:12:50.539292+00"
400,"6344682126","1760862707","accepted","2025-10-22 11:27:38.190672+00","2025-10-22 11:31:17.126039+00"
401,"8067935319","6499363352","accepted","2025-10-22 11:29:37.545542+00","2025-10-22 11:49:20.019346+00"
402,"8133207412","7149512328","pending","2025-10-22 11:59:59.139002+00","2025-10-22 11:59:59.139002+00"
403,"641739565","6332613822","accepted","2025-10-22 12:09:10.922274+00","2025-10-22 14:32:58.996698+00"
405,"2010617316","8132883465","accepted","2025-10-22 15:28:45.653099+00","2025-10-22 15:28:50.778771+00"
406,"2010617316","1975574608","pending","2025-10-22 15:29:06.687413+00","2025-10-22 15:29:06.687413+00"
407,"5161130090","8180832519","accepted","2025-10-22 15:30:11.347343+00","2025-10-22 15:30:35.356459+00"
408,"6160727207","6892367093","accepted","2025-10-22 17:21:19.861255+00","2025-10-22 17:35:23.164249+00"
409,"855757095","7439766390","accepted","2025-10-22 17:39:38.667376+00","2025-10-22 17:44:45.605769+00"
410,"855757095","7032013638","accepted","2025-10-22 17:49:39.067205+00","2025-10-22 18:12:24.568146+00"
411,"6344107400","8487387358","pending","2025-10-22 20:34:55.610386+00","2025-10-22 20:34:55.610386+00"
412,"5237102694","6557982583","pending","2025-10-23 08:47:39.31074+00","2025-10-23 08:47:39.31074+00"
414,"6170475301","7231257941","accepted","2025-10-23 15:14:45.757609+00","2025-10-23 15:15:55.381642+00"
415,"6233075737","5010994956","pending","2025-10-23 16:58:53.897155+00","2025-10-23 16:58:53.897155+00"
417,"666702479","8132883465","accepted","2025-10-23 19:46:13.554959+00","2025-10-23 19:49:16.892523+00"
418,"6692034060","7032013638","accepted","2025-10-23 20:47:06.17014+00","2025-10-23 20:50:04.460982+00"
416,"679454829","677664620","declined","2025-10-23 19:40:22.650344+00","2025-10-24 02:34:26.705706+00"
422,"7032013638","6634362515","accepted","2025-10-24 05:18:10.68174+00","2025-10-24 07:48:38.812895+00"
420,"754688541","6507987020","pending","2025-10-24 04:31:52.525305+00","2025-10-24 04:31:52.525305+00"
421,"754688541","7149512328","pending","2025-10-24 04:33:10.481071+00","2025-10-24 04:33:10.481071+00"
423,"6179841738","666702479","accepted","2025-10-24 05:28:26.573626+00","2025-10-24 05:31:26.895004+00"
424,"6525724910","666702479","declined","2025-10-24 06:02:53.475029+00","2025-10-24 06:42:38.67887+00"
425,"8105323981","666702479","accepted","2025-10-24 06:50:15.723531+00","2025-10-24 06:55:26.097269+00"
427,"1712195775","5647903240","accepted","2025-10-24 07:31:57.829156+00","2025-10-24 07:45:57.986384+00"
404,"5924560478","1377944646","accepted","2025-10-22 12:32:03.126762+00","2025-10-24 07:46:01.829318+00"
428,"2040960242","650462012","pending","2025-10-24 09:37:20.0361+00","2025-10-24 09:37:20.0361+00"
429,"7205880436","2134524585","pending","2025-10-24 09:42:47.246006+00","2025-10-24 09:42:47.246006+00"
430,"7205880436","6634362515","accepted","2025-10-24 10:56:23.665882+00","2025-10-24 10:57:49.118618+00"
431,"7205880436","7388700051","accepted","2025-10-24 10:56:42.564785+00","2025-10-24 10:59:59.04982+00"
432,"5485383133","7732498367","accepted","2025-10-24 12:20:57.427553+00","2025-10-24 12:21:07.439954+00"
433,"5280617271","5014292785","pending","2025-10-24 14:25:29.263045+00","2025-10-24 14:25:29.263045+00"
434,"8132883465","1011663493","pending","2025-10-24 15:22:41.094303+00","2025-10-24 15:22:41.094303+00"
435,"7343211640","5014292785","pending","2025-10-24 15:54:33.474007+00","2025-10-24 15:54:33.474007+00"
436,"8178595410","8487387358","pending","2025-10-24 16:32:35.031586+00","2025-10-24 16:32:35.031586+00"
437,"7191029735","7732498367","pending","2025-10-24 16:41:56.63388+00","2025-10-24 16:41:56.63388+00"
439,"8178595410","1011663493","pending","2025-10-24 16:57:27.489318+00","2025-10-24 16:57:27.489318+00"
438,"8178595410","5799933418","accepted","2025-10-24 16:45:30.052448+00","2025-10-24 16:45:46.489429+00"
426,"1712195775","7347324010","declined","2025-10-24 07:30:15.882731+00","2025-10-24 18:28:53.808015+00"
441,"5065940875","442993299","pending","2025-10-24 19:29:27.895735+00","2025-10-24 19:29:27.895735+00"
440,"5575629747","650462012","declined","2025-10-24 18:36:20.094634+00","2025-10-24 22:16:52.700325+00"
442,"1115042518","1011663493","pending","2025-10-25 03:33:07.343608+00","2025-10-25 03:33:07.343608+00"
443,"8178595410","7293631010","accepted","2025-10-25 11:15:42.902767+00","2025-10-25 11:16:46.908376+00"
444,"8327870332","5014292785","accepted","2025-10-25 11:21:24.624366+00","2025-10-25 11:21:27.869854+00"
445,"6356474261","5014292785","accepted","2025-10-25 11:59:13.436488+00","2025-10-25 12:01:54.593031+00"
446,"856370712","6634362515","pending","2025-10-25 13:23:16.139812+00","2025-10-25 13:23:16.139812+00"
447,"7569084447","6634362515","accepted","2025-10-25 13:42:21.797451+00","2025-10-25 13:42:24.644965+00"
448,"6887182283","6507987020","pending","2025-10-25 16:13:55.078049+00","2025-10-25 16:13:55.078049+00"
449,"8141527168","6692034060","accepted","2025-10-25 19:21:55.267917+00","2025-10-25 19:22:59.193698+00"
450,"6499363352","7388700051","accepted","2025-10-26 09:09:00.654702+00","2025-10-26 09:11:13.534943+00"
451,"1461603069","1940613654","accepted","2025-10-26 12:46:22.3337+00","2025-10-26 12:47:49.956368+00"
452,"1905159972","7742519818","accepted","2025-10-26 14:36:08.792322+00","2025-10-26 14:36:14.668301+00"
453,"6499363352","5095946794","accepted","2025-10-26 15:38:36.81139+00","2025-10-26 15:38:45.764828+00"
454,"8487387358","5786382261","pending","2025-10-26 16:06:22.167389+00","2025-10-26 16:06:22.167389+00"
455,"7773846469","865881783","pending","2025-10-26 20:46:47.484901+00","2025-10-26 20:46:47.484901+00"
456,"8425643190","8487387358","pending","2025-10-27 01:25:07.572687+00","2025-10-27 01:25:07.572687+00"
457,"1332512693","1890680749","pending","2025-10-27 07:13:28.21258+00","2025-10-27 07:13:28.21258+00"
458,"8366637045","5014292785","accepted","2025-10-27 07:47:02.818302+00","2025-10-27 07:51:22.177119+00"
459,"8024242540","7239777085","pending","2025-10-27 08:38:50.257935+00","2025-10-27 08:38:50.257935+00"
460,"5095946794","442993299","pending","2025-10-27 13:23:49.794236+00","2025-10-27 13:23:49.794236+00"
461,"1485363092","1668639286","pending","2025-10-27 15:00:55.894154+00","2025-10-27 15:00:55.894154+00"
463,"2067453365","5811170332","pending","2025-10-27 16:10:05.957198+00","2025-10-27 16:10:05.957198+00"
462,"8425643190","1103065697","pending","2025-10-27 15:48:32.992499+00","2025-10-27 17:19:32.081631+00"
