"id","confession_id","comment_id","requester_user_id","requested_user_id","status","created_at","updated_at"
1,8,28,"7135329381","7226232217","pending","2025-06-02 04:41:04.286114+00","2025-06-02 04:41:04.286114+00"
2,4,37,"6571860550","5179126315","pending","2025-06-02 15:10:50.208875+00","2025-06-02 15:10:50.208875+00"
3,17,91,"655616957","7032471507","pending","2025-06-02 17:12:29.854138+00","2025-06-02 17:12:29.854138+00"
4,39,147,"6571860550","1208984310","pending","2025-06-04 16:03:06.079131+00","2025-06-04 16:03:06.079131+00"
5,66,214,"6142542468","7338885261","pending","2025-06-04 18:23:57.069927+00","2025-06-04 18:23:57.069927+00"
6,10,103,"7531904484","1321125616","pending","2025-06-05 00:54:45.846089+00","2025-06-05 00:54:45.846089+00"
7,90,456,"1131741322","838880186","pending","2025-06-06 06:17:37.416673+00","2025-06-06 06:17:37.416673+00"
8,90,524,"1131741322","7006001251","pending","2025-06-06 10:49:37.278103+00","2025-06-06 10:49:37.278103+00"
9,90,525,"1131741322","6025420085","pending","2025-06-06 10:54:13.069099+00","2025-06-06 10:54:13.069099+00"
10,108,529,"5336068627","7135329381","pending","2025-06-06 13:53:18.808653+00","2025-06-06 13:53:18.808653+00"
11,108,530,"5336068627","5650409458","pending","2025-06-06 13:53:24.88944+00","2025-06-06 13:53:24.88944+00"
12,108,531,"5336068627","7931937025","pending","2025-06-06 13:53:28.083654+00","2025-06-06 13:53:28.083654+00"
13,108,534,"5336068627","858299807","pending","2025-06-06 13:53:31.047959+00","2025-06-06 13:53:31.047959+00"
14,108,535,"5336068627","1935534344","pending","2025-06-06 13:53:33.228301+00","2025-06-06 13:53:33.228301+00"
15,108,536,"5336068627","989260246","pending","2025-06-06 13:53:35.339098+00","2025-06-06 13:53:35.339098+00"
16,108,537,"5336068627","1427336078","pending","2025-06-06 13:53:37.697172+00","2025-06-06 13:53:37.697172+00"
17,108,538,"5336068627","1165939946","pending","2025-06-06 13:53:40.601556+00","2025-06-06 13:53:40.601556+00"
18,108,541,"5336068627","1620007280","pending","2025-06-06 13:53:42.706161+00","2025-06-06 13:53:42.706161+00"
19,108,546,"5336068627","1265833766","pending","2025-06-06 13:53:49.798858+00","2025-06-06 13:53:49.798858+00"
20,108,549,"5336068627","7612065425","pending","2025-06-06 14:42:04.913964+00","2025-06-06 14:42:04.913964+00"
21,125,655,"6571860550","6499363352","pending","2025-06-08 13:53:22.313319+00","2025-06-08 13:53:22.313319+00"
22,160,863,"5155871336","657241914","pending","2025-06-09 18:22:40.144734+00","2025-06-09 18:22:40.144734+00"
23,169,935,"650706491","1338931208","pending","2025-06-10 09:53:37.54598+00","2025-06-10 09:53:37.54598+00"
24,170,955,"6585372749","6839822722","pending","2025-06-10 13:19:26.28242+00","2025-06-10 13:19:26.28242+00"
25,178,1010,"1282217737","7006001251","pending","2025-06-10 17:48:34.864105+00","2025-06-10 17:48:34.864105+00"
26,178,968,"1282217737","7006001251","pending","2025-06-10 17:48:55.809349+00","2025-06-10 17:48:55.809349+00"
27,180,1011,"6593144333","5254274994","pending","2025-06-10 17:54:08.715155+00","2025-06-10 17:54:08.715155+00"
28,179,973,"5481746084","6476846167","pending","2025-06-10 17:59:02.171413+00","2025-06-10 17:59:02.171413+00"
29,180,1015,"6593144333","5254274994","pending","2025-06-10 18:02:42.930511+00","2025-06-10 18:02:42.930511+00"
30,169,940,"650706491","1338931208","pending","2025-06-10 19:52:18.047585+00","2025-06-10 19:52:18.047585+00"
31,195,1095,"1216577068","7231257941","pending","2025-06-11 06:40:58.239867+00","2025-06-11 06:40:58.239867+00"
32,195,1134,"1216577068","7231257941","pending","2025-06-11 09:35:23.727257+00","2025-06-11 09:35:23.727257+00"
33,200,1129,"6255811347","5457338642","pending","2025-06-11 10:01:05.804712+00","2025-06-11 10:01:05.804712+00"
34,187,1141,"5571614453","7521871383","pending","2025-06-11 13:08:18.127517+00","2025-06-11 13:08:18.127517+00"
35,208,1205,"6387738491","1968525450","pending","2025-06-11 15:34:52.445209+00","2025-06-11 15:34:52.445209+00"
36,208,1203,"6387738491","1620007280","pending","2025-06-11 15:34:56.351455+00","2025-06-11 15:34:56.351455+00"
37,208,1202,"6387738491","955679410","pending","2025-06-11 15:37:12.52393+00","2025-06-11 15:37:12.52393+00"
38,198,1108,"1367278343","6026025880","pending","2025-06-11 18:14:05.169887+00","2025-06-11 18:14:05.169887+00"
39,221,1266,"5381673363","896944300","pending","2025-06-12 09:32:30.301+00","2025-06-12 09:32:30.301+00"
40,221,1267,"5381673363","7446530116","pending","2025-06-12 09:33:41.352755+00","2025-06-12 09:33:41.352755+00"
41,240,1317,"1947931783","1025508479","pending","2025-06-12 14:53:31.687321+00","2025-06-12 14:53:31.687321+00"
42,243,1326,"762880620","1935534344","pending","2025-06-12 19:49:07.820752+00","2025-06-12 19:49:07.820752+00"
43,243,1331,"762880620","1935534344","pending","2025-06-12 19:49:37.337451+00","2025-06-12 19:49:37.337451+00"
44,243,1342,"762880620","5092828766","pending","2025-06-12 19:49:40.813682+00","2025-06-12 19:49:40.813682+00"
45,243,1328,"762880620","1024532559","pending","2025-06-12 19:49:56.191381+00","2025-06-12 19:49:56.191381+00"
46,238,1298,"5884136763","5095946794","pending","2025-06-13 12:34:38.146798+00","2025-06-13 12:34:38.146798+00"
47,262,1439,"1760862707","1935534344","pending","2025-06-13 17:30:18.010106+00","2025-06-13 17:30:18.010106+00"
48,269,1530,"855757095","1760862707","pending","2025-06-13 17:31:04.722519+00","2025-06-13 17:31:04.722519+00"
49,269,1528,"855757095","2012357134","pending","2025-06-13 17:31:55.176071+00","2025-06-13 17:31:55.176071+00"
50,269,1534,"855757095","5662709983","pending","2025-06-13 17:35:32.866844+00","2025-06-13 17:35:32.866844+00"
51,269,1540,"855757095","5662709983","pending","2025-06-13 17:40:13.299896+00","2025-06-13 17:40:13.299896+00"
52,262,1542,"1760862707","5662709983","pending","2025-06-13 17:42:19.435574+00","2025-06-13 17:42:19.435574+00"
53,246,1341,"5683475264","6310720133","pending","2025-06-13 18:00:48.693326+00","2025-06-13 18:00:48.693326+00"
54,269,1531,"855757095","947799113","pending","2025-06-14 04:33:22.991076+00","2025-06-14 04:33:22.991076+00"
55,260,1640,"1935534344","587459532","pending","2025-06-14 15:21:00.319713+00","2025-06-14 15:21:00.319713+00"
56,202,1600,"5811170332","5539448340","pending","2025-06-14 17:28:52.845581+00","2025-06-14 17:28:52.845581+00"
57,260,1720,"1935534344","5770544098","pending","2025-06-15 08:11:14.660903+00","2025-06-15 08:11:14.660903+00"
58,305,1768,"6233075737","5803231802","pending","2025-06-15 18:09:26.035729+00","2025-06-15 18:09:26.035729+00"
59,342,1851,"1338931208","5169177561","pending","2025-06-16 12:00:31.058008+00","2025-06-16 12:00:31.058008+00"
60,371,1942,"1184308901","7525625213","pending","2025-06-17 08:33:50.30312+00","2025-06-17 08:33:50.30312+00"
61,380,1996,"6476846167","1455373350","pending","2025-06-17 19:48:07.077833+00","2025-06-17 19:48:07.077833+00"
62,442,2151,"874301139","855757095","pending","2025-06-20 06:16:19.906206+00","2025-06-20 06:16:19.906206+00"
63,442,2156,"874301139","1103065697","pending","2025-06-20 06:17:20.963561+00","2025-06-20 06:17:20.963561+00"
64,442,2152,"874301139","5483107736","pending","2025-06-20 06:19:56.012153+00","2025-06-20 06:19:56.012153+00"
65,442,2154,"874301139","5713614056","pending","2025-06-20 20:08:19.058781+00","2025-06-20 20:08:19.058781+00"
66,286,1952,"5539448340","7134355056","pending","2025-06-21 11:19:48.504664+00","2025-06-21 11:19:48.504664+00"
67,488,2351,"986881441","6643512460","pending","2025-06-21 14:40:54.593408+00","2025-06-21 14:40:54.593408+00"
68,442,2277,"874301139","717205055","pending","2025-06-21 17:46:36.87048+00","2025-06-21 17:46:36.87048+00"
69,536,2499,"717205055","1208984310","pending","2025-06-23 18:25:32.18633+00","2025-06-23 18:25:32.18633+00"
70,556,2511,"1968525450","1240825906","pending","2025-06-24 10:18:17.772184+00","2025-06-24 10:18:17.772184+00"
71,503,2442,"2001804404","7006001251","pending","2025-06-25 13:48:57.559259+00","2025-06-25 13:48:57.559259+00"
72,609,2681,"1024532559","1968525450","pending","2025-06-27 08:09:58.865965+00","2025-06-27 08:09:58.865965+00"
73,629,2724,"7531836547","1667237352","pending","2025-06-28 08:02:03.163438+00","2025-06-28 08:02:03.163438+00"
74,610,2687,"6427549296","7446530116","pending","2025-06-28 17:53:02.942728+00","2025-06-28 17:53:02.942728+00"
75,641,2827,"5155871336","8140763984","pending","2025-06-29 17:04:08.255374+00","2025-06-29 17:04:08.255374+00"
76,660,2840,"1795235813","5226798295","pending","2025-06-30 08:32:09.315849+00","2025-06-30 08:32:09.315849+00"
77,660,2848,"1795235813","5226798295","pending","2025-06-30 10:27:35.492738+00","2025-06-30 10:27:35.492738+00"
78,741,3205,"6387738491","1427336078","pending","2025-07-07 15:25:33.747986+00","2025-07-07 15:25:33.747986+00"
79,754,3368,"5038281970","1146932382","pending","2025-07-10 18:46:16.711319+00","2025-07-10 18:46:16.711319+00"
80,754,3350,"5038281970","6854317836","pending","2025-07-11 15:05:40.190845+00","2025-07-11 15:05:40.190845+00"
81,772,3467,"5723927134","6422496097","pending","2025-07-12 08:57:21.838358+00","2025-07-12 08:57:21.838358+00"
82,754,3526,"5038281970","7191883532","pending","2025-07-13 00:22:05.761311+00","2025-07-13 00:22:05.761311+00"
83,788,3576,"5038281970","5977333168","pending","2025-07-13 09:17:15.280342+00","2025-07-13 09:17:15.280342+00"
84,781,3563,"717205055","1320397494","pending","2025-07-13 10:35:07.234503+00","2025-07-13 10:35:07.234503+00"
85,766,3607,"1879428614","5789184034","pending","2025-07-13 16:06:09.064379+00","2025-07-13 16:06:09.064379+00"
86,766,3535,"1879428614","1103065697","pending","2025-07-13 16:06:23.790225+00","2025-07-13 16:06:23.790225+00"
87,766,3394,"1879428614","6387738491","pending","2025-07-13 18:29:21.679068+00","2025-07-13 18:29:21.679068+00"
88,733,3141,"5112382320","1935534344","pending","2025-07-13 19:25:26.134004+00","2025-07-13 19:25:26.134004+00"
89,769,3645,"1701369533","6153247958","pending","2025-07-14 04:25:21.924901+00","2025-07-14 04:25:21.924901+00"
90,796,3678,"2125121525","5098657577","pending","2025-07-14 10:33:03.199926+00","2025-07-14 10:33:03.199926+00"
91,734,3147,"6330682716","1045218100","pending","2025-07-14 16:52:27.573216+00","2025-07-14 16:52:27.573216+00"
92,733,3151,"5112382320","1935534344","pending","2025-07-14 20:23:30.345878+00","2025-07-14 20:23:30.345878+00"
93,801,3731,"896944300","8023279592","pending","2025-07-15 11:08:09.409975+00","2025-07-15 11:08:09.409975+00"
94,801,3749,"896944300","8023279592","pending","2025-07-15 16:07:39.845444+00","2025-07-15 16:07:39.845444+00"
95,841,3846,"7420412043","7735058045","pending","2025-07-20 05:11:12.717268+00","2025-07-20 05:11:12.717268+00"
96,841,3874,"7420412043","1103065697","pending","2025-07-20 05:12:08.072257+00","2025-07-20 05:12:08.072257+00"
97,841,3856,"7420412043","7691494441","pending","2025-07-20 05:14:07.653101+00","2025-07-20 05:14:07.653101+00"
98,841,3866,"7420412043","838880186","pending","2025-07-20 05:15:07.971698+00","2025-07-20 05:15:07.971698+00"
99,841,3882,"7420412043","7735058045","pending","2025-07-20 15:40:19.696287+00","2025-07-20 15:40:19.696287+00"
100,857,3914,"7149512328","6757711595","pending","2025-07-20 20:12:32.810468+00","2025-07-20 20:12:32.810468+00"
101,870,3971,"5254274994","7231257941","pending","2025-07-21 17:07:53.609814+00","2025-07-21 17:07:53.609814+00"
102,870,3979,"5254274994","7231257941","pending","2025-07-21 20:06:56.725233+00","2025-07-21 20:06:56.725233+00"
103,870,3984,"5254274994","703138365","pending","2025-07-21 20:20:36.742531+00","2025-07-21 20:20:36.742531+00"
104,892,4114,"839638945","1714019890","pending","2025-07-26 09:15:32.670121+00","2025-07-26 09:15:32.670121+00"
105,6,4221,"7340025825","6571860550","pending","2025-07-28 15:28:34.18391+00","2025-07-28 15:28:34.18391+00"
106,913,4171,"703138365","6474930192","pending","2025-07-28 22:50:15.931831+00","2025-07-28 22:50:15.931831+00"
107,892,4125,"839638945","7862691707","pending","2025-07-29 10:01:46.344579+00","2025-07-29 10:01:46.344579+00"
108,892,4122,"839638945","838880186","pending","2025-07-29 10:02:26.641658+00","2025-07-29 10:02:26.641658+00"
109,935,4380,"1547014024","5713614056","pending","2025-07-29 16:26:46.169929+00","2025-07-29 16:26:46.169929+00"
110,946,4417,"684773974","8417118194","pending","2025-07-30 15:14:36.060476+00","2025-07-30 15:14:36.060476+00"
111,943,4425,"2125121525","7290942021","pending","2025-07-30 15:47:34.271345+00","2025-07-30 15:47:34.271345+00"
112,943,4415,"2125121525","8417118194","pending","2025-07-30 17:44:00.408125+00","2025-07-30 17:44:00.408125+00"
113,1007,4740,"635992865","6020471733","pending","2025-08-04 17:42:15.6422+00","2025-08-04 17:42:15.6422+00"
114,273,4898,"7897386358","7388700051","pending","2025-08-08 06:27:50.709153+00","2025-08-08 06:27:50.709153+00"
115,273,4899,"7897386358","7388700051","pending","2025-08-08 06:39:13.821383+00","2025-08-08 06:39:13.821383+00"
116,273,4902,"7897386358","7388700051","pending","2025-08-08 07:38:09.049543+00","2025-08-08 07:38:09.049543+00"
117,273,4903,"7897386358","7388700051","pending","2025-08-08 07:47:58.379414+00","2025-08-08 07:47:58.379414+00"
118,273,4905,"7897386358","7388700051","pending","2025-08-08 09:47:43.77647+00","2025-08-08 09:47:43.77647+00"
119,273,4908,"7897386358","7388700051","pending","2025-08-08 13:44:21.81622+00","2025-08-08 13:44:21.81622+00"
120,1008,4844,"7201782013","7735058045","pending","2025-08-10 09:04:31.799559+00","2025-08-10 09:04:31.799559+00"
121,1060,5015,"7952442903","839638945","pending","2025-08-10 10:34:35.418463+00","2025-08-10 10:34:35.418463+00"
122,1050,5023,"8276851848","6499363352","pending","2025-08-10 12:20:00.004277+00","2025-08-10 12:20:00.004277+00"
123,1050,5026,"8276851848","6499363352","pending","2025-08-10 12:26:08.460067+00","2025-08-10 12:26:08.460067+00"
124,1065,5064,"1667785061","1879428614","pending","2025-08-11 16:24:41.357157+00","2025-08-11 16:24:41.357157+00"
125,595,2711,"8111064287","6483134417","pending","2025-08-11 17:36:59.255473+00","2025-08-11 17:36:59.255473+00"
126,1085,5162,"2084326100","7570269180","pending","2025-08-12 22:25:05.259674+00","2025-08-12 22:25:05.259674+00"
160,1265,6233,"7773846469","838880186","approved","2025-08-25 20:12:50.743758+00","2025-08-25 20:13:53.65472+00"
127,1112,5370,"7388700051","7897386358","approved","2025-08-15 01:24:51.117819+00","2025-08-15 01:46:48.790632+00"
129,1124,5393,"7897386358","7388700051","approved","2025-08-15 07:44:24.320268+00","2025-08-15 07:44:32.602503+00"
130,1127,5420,"6571418897","5810456094","denied","2025-08-15 09:51:33.467996+00","2025-08-15 09:51:58.516365+00"
131,1144,5508,"7735058045","351356603","approved","2025-08-16 09:54:02.349731+00","2025-08-16 09:56:09.401316+00"
132,1146,5537,"7897386358","7691494441","approved","2025-08-16 14:13:32.127533+00","2025-08-16 15:32:17.299534+00"
133,1149,5573,"8120746175","5095946794","approved","2025-08-16 17:51:55.584268+00","2025-08-16 17:52:16.257063+00"
134,1144,5507,"7735058045","5647903240","pending","2025-08-17 03:39:29.74208+00","2025-08-17 03:39:29.74208+00"
193,1318,6355,"820124459","785607278","denied","2025-08-27 08:12:59.120662+00","2025-08-27 09:05:00.517019+00"
135,1156,5765,"8111064287","1724546497","approved","2025-08-18 13:19:06.543388+00","2025-08-18 13:37:52.760696+00"
137,1163,5772,"5254274994","7369879223","pending","2025-08-18 17:52:20.855807+00","2025-08-18 17:52:20.855807+00"
138,1173,5779,"8111064287","895157634","pending","2025-08-18 18:06:50.095262+00","2025-08-18 18:06:50.095262+00"
140,1173,5773,"8111064287","6387738491","approved","2025-08-18 18:07:00.664424+00","2025-08-18 18:11:35.323374+00"
141,1149,5577,"8120746175","1666565021","pending","2025-08-18 18:29:49.651397+00","2025-08-18 18:29:49.651397+00"
139,1173,5774,"8111064287","5707039309","approved","2025-08-18 18:06:54.733471+00","2025-08-18 18:56:10.78954+00"
142,1173,5795,"8111064287","5254274994","pending","2025-08-18 19:01:42.418667+00","2025-08-18 19:01:42.418667+00"
144,1182,5821,"5938779438","8346547126","denied","2025-08-19 08:44:33.151878+00","2025-08-19 09:06:42.382778+00"
143,1156,5641,"8111064287","5254274994","approved_no_username","2025-08-18 20:10:02.364716+00","2025-08-19 10:40:51.935274+00"
146,1190,5898,"8111064287","7446530116","pending","2025-08-19 14:19:56.152116+00","2025-08-19 14:19:56.152116+00"
145,1190,5894,"8111064287","559252407","approved","2025-08-19 14:19:49.463466+00","2025-08-19 14:20:09.835304+00"
147,1190,5905,"8111064287","7168900029","approved","2025-08-19 14:20:03.141018+00","2025-08-19 14:29:17.89994+00"
148,1173,5939,"8111064287","7191883532","approved","2025-08-19 21:43:32.729641+00","2025-08-20 09:19:50.416501+00"
150,1193,5951,"8111064287","5098657577","pending","2025-08-20 10:29:49.311772+00","2025-08-20 10:29:49.311772+00"
149,1193,5945,"8111064287","1237099561","approved","2025-08-20 10:27:32.777854+00","2025-08-20 10:34:21.584945+00"
151,1193,5954,"8111064287","1320397494","denied","2025-08-20 10:37:13.23514+00","2025-08-20 10:40:33.269762+00"
152,1201,5997,"8111064287","1940613654","pending","2025-08-21 07:58:16.764588+00","2025-08-21 07:58:16.764588+00"
153,1200,6000,"7758177630","852303033","approved","2025-08-21 08:19:54.56811+00","2025-08-21 08:32:22.137098+00"
154,1203,6006,"1338931208","7758177630","approved","2025-08-21 08:50:15.959256+00","2025-08-21 08:53:42.111547+00"
194,1203,6394,"1338931208","7044910412","denied","2025-08-27 12:40:39.876149+00","2025-08-27 12:42:36.423239+00"
157,1241,6160,"7533388133","1666565021","pending","2025-08-23 07:23:11.787967+00","2025-08-23 07:23:11.787967+00"
158,1265,6220,"7773846469","7201782013","approved","2025-08-25 06:57:02.646799+00","2025-08-25 09:28:19.644331+00"
159,1266,6245,"7181066345","7570269180","denied","2025-08-25 17:28:57.938881+00","2025-08-25 17:47:15.710203+00"
195,1330,6408,"589593969","1146932382","approved","2025-08-27 18:55:49.331751+00","2025-08-27 19:53:31.03833+00"
196,1341,6502,"7954485188","2082630193","approved","2025-08-28 15:41:37.973921+00","2025-08-28 15:48:33.996513+00"
197,563,2532,"7492263593","6561325518","approved","2025-08-29 09:01:10.47165+00","2025-08-29 09:08:43.715706+00"
198,1365,6618,"7032312505","1152409369","approved","2025-08-29 19:33:13.45241+00","2025-08-29 19:33:35.253212+00"
199,1355,6603,"8052731904","6194922788","pending","2025-08-30 13:49:34.842526+00","2025-08-30 13:49:34.842526+00"
200,1375,6679,"6246705918","1847533415","approved","2025-09-01 17:31:54.216179+00","2025-09-02 16:50:03.521973+00"
201,1375,6744,"6246705918","1011215957","approved","2025-09-02 17:06:54.136251+00","2025-09-02 17:35:59.541747+00"
202,1390,6800,"351356603","647728235","approved","2025-09-02 21:10:18.954109+00","2025-09-03 19:37:40.10434+00"
204,1396,6824,"8111064287","794849648","pending","2025-09-04 17:29:42.216873+00","2025-09-04 17:29:42.216873+00"
203,1190,6646,"8111064287","6813893508","denied","2025-09-04 17:15:18.321355+00","2025-09-04 19:24:58.248536+00"
205,1412,6889,"7844708192","699103879","pending","2025-09-05 10:09:56.025459+00","2025-09-05 10:09:56.025459+00"
206,1400,6891,"1113003650","1772914793","denied","2025-09-06 02:30:26.193902+00","2025-09-06 06:21:21.632277+00"
207,1413,6921,"5713614056","874301139","pending","2025-09-06 11:26:53.321816+00","2025-09-06 11:26:53.321816+00"
208,1413,6925,"5713614056","2082630193","pending","2025-09-06 11:26:59.009576+00","2025-09-06 11:26:59.009576+00"
210,1413,6932,"5713614056","874301139","pending","2025-09-06 11:27:09.502254+00","2025-09-06 11:27:09.502254+00"
212,1413,6938,"5713614056","8031207818","pending","2025-09-06 11:27:17.724191+00","2025-09-06 11:27:17.724191+00"
214,1413,6957,"5713614056","1331587034","pending","2025-09-06 11:27:25.834449+00","2025-09-06 11:27:25.834449+00"
211,1413,6935,"5713614056","6344107400","approved","2025-09-06 11:27:13.708944+00","2025-09-06 11:31:02.493693+00"
209,1413,6927,"5713614056","5014292785","approved","2025-09-06 11:27:04.573422+00","2025-09-06 11:58:00.547357+00"
213,1413,6953,"5713614056","703138365","approved","2025-09-06 11:27:21.330222+00","2025-09-06 12:09:33.036652+00"
215,1421,6979,"6685694561","1292655857","pending","2025-09-06 15:00:57.516344+00","2025-09-06 15:00:57.516344+00"
216,1421,6980,"6685694561","6892367093","approved","2025-09-06 15:01:15.849897+00","2025-09-06 15:09:16.594983+00"
217,1444,7099,"1059050464","7085119805","approved","2025-09-09 17:54:28.156941+00","2025-09-10 03:59:17.43665+00"
218,1441,7087,"7413384637","7446530116","approved","2025-09-10 11:04:19.721778+00","2025-09-10 17:12:24.961685+00"
219,1493,7236,"7388700051","7945889315","pending","2025-09-13 10:46:34.632815+00","2025-09-13 10:46:34.632815+00"
220,1522,7410,"7335529500","6025420085","pending","2025-09-16 11:40:18.471187+00","2025-09-16 11:40:18.471187+00"
221,1543,7455,"659078310","1801191508","pending","2025-09-17 16:29:16.023343+00","2025-09-17 16:29:16.023343+00"
222,1572,7599,"485859721","949915518","pending","2025-09-18 16:52:19.091331+00","2025-09-18 16:52:19.091331+00"
223,1572,7600,"485859721","6376443523","pending","2025-09-18 16:52:27.202927+00","2025-09-18 16:52:27.202927+00"
224,1572,7602,"485859721","7446530116","pending","2025-09-18 16:52:59.501677+00","2025-09-18 16:52:59.501677+00"
225,1570,7607,"7712292484","1839488040","pending","2025-09-18 17:03:48.430604+00","2025-09-18 17:03:48.430604+00"
226,1572,7665,"485859721","8115373343","pending","2025-09-18 18:37:47.632502+00","2025-09-18 18:37:47.632502+00"
227,1493,7693,"7388700051","7897386358","denied","2025-09-19 04:42:34.265845+00","2025-09-19 04:42:51.572749+00"
228,1569,7771,"1391174363","1152409369","denied","2025-09-20 11:15:52.211784+00","2025-09-20 12:37:18.780038+00"
229,1601,7777,"7446530116","7795615574","pending","2025-09-20 16:39:24.085438+00","2025-09-20 16:39:24.085438+00"
230,1601,7796,"7446530116","8373033343","pending","2025-09-20 16:39:37.476108+00","2025-09-20 16:39:37.484086+00"
232,1642,8059,"904105918","7528200033","pending","2025-09-23 05:26:13.786827+00","2025-09-23 05:26:13.786827+00"
233,1659,8279,"7191029735","351356603","pending","2025-09-26 10:03:48.93675+00","2025-09-26 10:03:48.93675+00"
234,1716,8399,"6499363352","1996067089","pending","2025-09-27 07:14:44.283699+00","2025-09-27 07:14:44.283699+00"
235,1731,8448,"8050312963","533285204","pending","2025-09-27 17:19:31.630522+00","2025-09-27 17:19:31.630522+00"
236,1731,8465,"8050312963","533285204","pending","2025-09-27 18:32:12.750236+00","2025-09-27 18:32:12.750236+00"
237,1748,8555,"1479736147","5014292785","pending","2025-09-28 10:25:45.782268+00","2025-09-28 10:25:45.782268+00"
238,1736,8748,"5400588836","1940613654","pending","2025-09-29 15:39:40.155432+00","2025-09-29 15:39:40.155432+00"
239,1759,8811,"677713914","855984276","pending","2025-09-29 17:31:21.768598+00","2025-09-29 17:31:21.768598+00"
284,2274,12417,"5952454472","5707039309","approved","2025-10-10 14:14:55.421369+00","2025-10-10 14:50:43.176056+00"
241,1780,8852,"7897386358","7388700051","denied","2025-09-30 20:03:09.466022+00","2025-09-30 20:03:42.001828+00"
242,1776,9042,"1115042518","6771479660","pending","2025-09-30 20:20:09.654069+00","2025-09-30 20:20:09.654069+00"
243,1802,9098,"1920073319","1869413970","pending","2025-10-01 06:08:51.011857+00","2025-10-01 06:08:51.011857+00"
245,1817,9239,"5237102694","7911022199","denied","2025-10-01 12:57:36.158674+00","2025-10-01 12:58:57.041216+00"
244,1817,9235,"5237102694","954118599","denied","2025-10-01 12:57:23.986028+00","2025-10-01 13:00:42.895341+00"
246,1817,9248,"5237102694","5014292785","pending","2025-10-01 13:07:10.546029+00","2025-10-01 13:07:10.546029+00"
247,1817,9251,"5237102694","7525625213","pending","2025-10-01 13:10:14.615362+00","2025-10-01 13:10:14.615362+00"
248,1801,9127,"6175067580","5563459400","pending","2025-10-01 16:40:08.200745+00","2025-10-01 16:40:08.200745+00"
249,1817,9280,"5237102694","950703820","pending","2025-10-01 18:40:47.832453+00","2025-10-01 18:40:47.832453+00"
250,1824,9317,"1103065697","5487465855","pending","2025-10-01 19:50:36.550575+00","2025-10-01 19:50:36.550575+00"
251,1824,9307,"1103065697","8034247290","pending","2025-10-01 19:50:51.461755+00","2025-10-01 19:50:51.461755+00"
252,1839,9369,"7528200033","7735058045","pending","2025-10-02 06:09:07.595448+00","2025-10-02 06:09:07.595448+00"
253,1839,9390,"7528200033","703138365","pending","2025-10-02 07:33:13.459606+00","2025-10-02 07:33:13.459606+00"
254,1825,9316,"1331587034","1940613654","pending","2025-10-02 10:55:07.898395+00","2025-10-02 10:55:07.898395+00"
255,1831,9558,"8115373343","386261453","pending","2025-10-03 07:49:10.333413+00","2025-10-03 07:49:10.333413+00"
256,1831,9538,"8115373343","8096218109","pending","2025-10-03 07:49:11.695006+00","2025-10-03 07:49:11.695006+00"
257,1884,9645,"5484165658","977600260","pending","2025-10-03 12:28:41.614442+00","2025-10-03 12:28:41.614442+00"
258,1890,9692,"1441918240","837593135","pending","2025-10-03 14:00:09.988237+00","2025-10-03 14:00:09.988237+00"
259,1890,9695,"1441918240","6981232498","denied","2025-10-03 14:01:00.98004+00","2025-10-03 14:09:06.624615+00"
260,1897,9750,"5351361771","6499363352","pending","2025-10-03 18:31:19.507894+00","2025-10-03 18:31:19.507894+00"
261,1716,9826,"6499363352","6142542468","pending","2025-10-03 18:39:08.368641+00","2025-10-03 18:39:43.925753+00"
263,1878,9553,"6032962596","7528200033","pending","2025-10-04 07:44:44.828104+00","2025-10-04 07:44:44.828104+00"
264,1927,9951,"6834002635","5014292785","pending","2025-10-04 12:00:03.606006+00","2025-10-04 12:00:03.606006+00"
265,1935,10029,"7850437834","7301651363","pending","2025-10-04 16:43:26.75757+00","2025-10-04 16:43:26.75757+00"
266,1979,10422,"7222244857","7388700051","denied","2025-10-05 15:54:44.247628+00","2025-10-05 15:55:06.28218+00"
267,1990,10521,"1121338590","887552308","pending","2025-10-06 10:45:40.886367+00","2025-10-06 10:45:40.886367+00"
268,2048,10864,"7407858484","6499363352","denied","2025-10-07 10:35:58.426547+00","2025-10-07 10:36:10.744229+00"
269,2014,10906,"1667237352","1103065697","pending","2025-10-07 14:08:08.920122+00","2025-10-07 14:08:08.920122+00"
270,2101,11232,"746567575","1377944646","pending","2025-10-08 09:04:53.24024+00","2025-10-08 09:04:53.24024+00"
290,2274,12406,"5952454472","820124459","approved","2025-10-10 14:40:19.364928+00","2025-10-10 14:55:08.456367+00"
271,2182,11721,"7388700051","7897386358","denied","2025-10-09 06:47:38.85794+00","2025-10-09 06:57:21.767975+00"
273,2183,11725,"7388700051","7897386358","approved","2025-10-09 07:08:49.051836+00","2025-10-09 07:08:55.56694+00"
274,2193,11758,"7949458690","1914040395","pending","2025-10-09 11:06:18.012692+00","2025-10-09 11:06:18.012692+00"
276,2193,11795,"7949458690","1164557619","approved","2025-10-09 11:44:03.239696+00","2025-10-09 11:44:26.394315+00"
275,2193,11773,"7949458690","1199863915","approved","2025-10-09 11:14:05.772362+00","2025-10-09 13:13:21.663979+00"
277,2193,11869,"7949458690","7531904484","approved_no_username","2025-10-09 14:31:37.369509+00","2025-10-09 14:31:58.350965+00"
279,2193,11879,"7949458690","7531904484","approved","2025-10-09 14:38:53.117376+00","2025-10-09 14:38:56.436222+00"
278,2193,11876,"7949458690","5786460596","approved","2025-10-09 14:34:54.656874+00","2025-10-09 14:39:37.886218+00"
280,2232,12079,"6233075737","703138365","denied","2025-10-09 20:16:29.32388+00","2025-10-09 20:16:45.841368+00"
281,2245,12156,"5952454472","7721855881","approved","2025-10-09 21:02:19.677676+00","2025-10-09 21:03:47.634666+00"
282,2245,12145,"5952454472","5381673363","pending","2025-10-09 21:34:45.689558+00","2025-10-09 21:34:45.689558+00"
283,2263,12328,"7656221831","7795615574","approved","2025-10-10 10:51:42.239232+00","2025-10-10 10:52:48.7486+00"
285,2274,12386,"5952454472","661830998","pending","2025-10-10 14:15:06.504548+00","2025-10-10 14:15:06.504548+00"
286,2267,12370,"7293631010","8487387358","denied","2025-10-10 14:15:15.622675+00","2025-10-10 14:15:36.004948+00"
287,2267,12353,"7293631010","7108642817","pending","2025-10-10 14:16:54.16258+00","2025-10-10 14:16:54.16258+00"
288,2267,12361,"7293631010","6387738491","pending","2025-10-10 14:17:36.299341+00","2025-10-10 14:17:36.299341+00"
289,2267,12362,"7293631010","1115042518","pending","2025-10-10 14:17:48.262022+00","2025-10-10 14:17:48.262022+00"
291,2166,12620,"774147657","874902262","approved","2025-10-10 18:11:09.695352+00","2025-10-10 18:11:31.809569+00"
293,2309,12662,"1301673187","977600260","pending","2025-10-10 21:48:21.243461+00","2025-10-10 21:48:21.243461+00"
303,2403,13320,"1103065697","5237102694","approved","2025-10-12 09:36:48.923145+00","2025-10-12 10:36:32.564929+00"
294,2309,12687,"1301673187","5786460596","approved","2025-10-10 21:48:24.13318+00","2025-10-10 22:44:23.314853+00"
295,2309,12766,"1301673187","6387738491","approved","2025-10-11 05:49:11.299689+00","2025-10-11 05:49:48.206575+00"
292,2309,12656,"1301673187","6499363352","pending","2025-10-10 21:48:17.509563+00","2025-10-11 05:59:43.344621+00"
297,2309,12755,"1301673187","758080314","pending","2025-10-11 08:02:07.479843+00","2025-10-11 08:02:07.479843+00"
298,2334,12877,"8034247290","5014292785","pending","2025-10-11 09:08:15.375623+00","2025-10-11 09:08:15.375623+00"
299,2380,13129,"5261108402","5220371517","pending","2025-10-11 20:20:15.733427+00","2025-10-11 20:20:15.733427+00"
300,2380,13147,"5261108402","5269090357","pending","2025-10-11 20:26:48.935905+00","2025-10-11 20:26:48.935905+00"
301,2385,13183,"5092379124","6893829475","approved","2025-10-11 20:52:18.917566+00","2025-10-11 20:59:10.597085+00"
302,2388,13284,"7501176620","7773846469","approved","2025-10-12 07:52:10.287855+00","2025-10-12 09:12:04.96517+00"
304,2403,13322,"1103065697","8487387358","approved","2025-10-12 09:37:39.211244+00","2025-10-12 09:37:52.22149+00"
305,2403,13349,"1103065697","6179841738","pending","2025-10-12 10:08:41.864314+00","2025-10-12 10:08:41.864314+00"
309,2403,13352,"1103065697","8373033343","approved_no_username","2025-10-12 10:54:13.657207+00","2025-10-12 11:00:12.228069+00"
310,2403,13384,"1103065697","8373033343","approved","2025-10-12 11:04:12.778004+00","2025-10-12 11:05:35.817072+00"
307,2403,13367,"1103065697","7612540718","approved_no_username","2025-10-12 10:36:10.280769+00","2025-10-12 11:45:01.176555+00"
306,2403,13363,"1103065697","7612540718","approved_no_username","2025-10-12 10:35:55.686826+00","2025-10-12 11:45:11.76232+00"
308,2403,13361,"1103065697","7084003937","approved","2025-10-12 10:36:26.143829+00","2025-10-12 11:48:53.727389+00"
311,2411,13410,"7501176620","5014292785","pending","2025-10-12 12:25:50.812701+00","2025-10-12 12:25:50.812701+00"
312,2416,13461,"1146932382","807504058","approved_no_username","2025-10-12 15:10:59.481355+00","2025-10-12 16:33:11.512048+00"
314,2424,13607,"774147657","6571860550","approved","2025-10-12 18:52:08.543738+00","2025-10-12 18:53:08.174691+00"
315,2475,13837,"7885710518","1115042518","pending","2025-10-13 15:11:30.126742+00","2025-10-13 15:11:30.126742+00"
316,2475,13917,"7885710518","872690594","pending","2025-10-13 15:57:15.902935+00","2025-10-13 15:57:15.902935+00"
317,2403,13940,"1103065697","8442168764","approved","2025-10-13 16:00:41.989273+00","2025-10-13 16:01:52.987644+00"
320,2455,13937,"7173044659","1851424766","approved","2025-10-14 09:42:37.237454+00","2025-10-14 09:46:51.148544+00"
318,2531,14116,"6179841738","5938779438","approved","2025-10-14 08:32:08.978675+00","2025-10-14 08:32:38.56104+00"
321,2403,14157,"1103065697","8442168764","approved","2025-10-14 14:23:27.391944+00","2025-10-14 15:22:55.996753+00"
323,1990,10584,"1121338590","7758177630","pending","2025-10-16 09:30:20.427092+00","2025-10-16 09:30:20.427092+00"
324,2624,14401,"8487387358","6631631388","approved","2025-10-16 17:00:45.736892+00","2025-10-16 17:10:21.02797+00"
325,2630,14446,"659418721","8132883465","approved","2025-10-16 17:34:02.310394+00","2025-10-16 17:34:17.187595+00"
328,2630,14455,"659418721","780591800","approved","2025-10-16 17:42:03.00028+00","2025-10-16 17:43:16.21296+00"
326,2635,14450,"7724848115","5573602060","denied","2025-10-16 17:38:09.625764+00","2025-10-16 17:49:22.334169+00"
327,2562,14359,"1254011772","7561229393","approved_no_username","2025-10-16 17:41:21.216223+00","2025-10-16 17:54:49.758287+00"
329,2635,14592,"7724848115","5164922669","pending","2025-10-16 23:04:28.852639+00","2025-10-16 23:04:28.852639+00"
330,2667,14627,"1073430053","1113003650","approved","2025-10-17 05:07:01.565382+00","2025-10-17 05:10:42.963005+00"
331,2562,14588,"1254011772","1209804397","pending","2025-10-17 05:10:47.167112+00","2025-10-17 05:10:47.167112+00"
333,2674,14697,"968017615","1331587034","pending","2025-10-17 10:44:10.853782+00","2025-10-17 10:44:10.853782+00"
334,2684,14709,"5467618403","1746332408","pending","2025-10-17 11:48:26.173549+00","2025-10-17 11:48:26.173549+00"
335,2697,14766,"7732498367","422733508","approved","2025-10-17 16:07:11.45968+00","2025-10-17 16:08:10.891956+00"
336,2697,14787,"7732498367","5703576013","approved_no_username","2025-10-17 16:14:14.56793+00","2025-10-17 16:14:23.293821+00"
338,2697,14788,"7732498367","5703576013","pending","2025-10-17 16:17:54.503563+00","2025-10-17 16:17:54.503563+00"
332,2669,14621,"7225517972","5995508885","approved","2025-10-17 07:34:15.398741+00","2025-10-17 16:26:19.704896+00"
337,2697,14789,"7732498367","6754934834","approved","2025-10-17 16:17:48.984688+00","2025-10-17 16:27:06.201422+00"
339,2697,14791,"7732498367","1940613654","approved","2025-10-17 16:40:58.13342+00","2025-10-17 16:42:45.231607+00"
340,2725,14916,"1950857312","8373033343","approved","2025-10-18 11:54:47.732715+00","2025-10-18 12:16:21.492557+00"
341,2716,14897,"5393052992","1164335213","pending","2025-10-18 12:53:14.868991+00","2025-10-18 12:53:14.868991+00"
342,2889,15728,"8069652882","5014292785","pending","2025-10-20 12:52:57.523808+00","2025-10-20 12:52:57.523808+00"
343,2894,15775,"1988367927","6331353971","denied","2025-10-20 14:28:39.95024+00","2025-10-20 14:30:06.296332+00"
344,2979,16230,"5606001711","1975574608","pending","2025-10-21 17:31:33.604822+00","2025-10-21 17:31:33.604822+00"
345,2982,16247,"7911631857","7616136533","denied","2025-10-21 18:06:51.147343+00","2025-10-21 18:08:07.396208+00"
346,2871,16373,"5405718080","896207190","pending","2025-10-21 19:39:46.314563+00","2025-10-21 19:39:46.314563+00"
348,3006,16442,"7439766390","7181066345","pending","2025-10-22 06:31:00.127282+00","2025-10-22 06:31:00.127282+00"
347,3006,16449,"7439766390","1557886037","approved","2025-10-22 06:30:53.272206+00","2025-10-22 06:38:46.78694+00"
349,3006,16424,"7439766390","917349443","pending","2025-10-22 06:47:40.582132+00","2025-10-22 06:47:40.582132+00"
350,3006,16411,"7439766390","1797821501","pending","2025-10-22 06:47:44.103639+00","2025-10-22 06:47:44.103639+00"
351,3006,16410,"7439766390","677664620","pending","2025-10-22 06:47:47.663537+00","2025-10-22 06:47:47.663537+00"
352,3006,16407,"7439766390","7578307771","approved","2025-10-22 06:47:50.973684+00","2025-10-22 06:52:55.987779+00"
353,3007,16462,"1152409369","1250283277","pending","2025-10-22 07:23:48.427024+00","2025-10-22 07:23:48.427024+00"
354,3043,16548,"6344107400","6499363352","pending","2025-10-22 11:01:41.84553+00","2025-10-22 11:01:41.84553+00"
356,3009,16630,"8053524660","846747600","pending","2025-10-22 15:32:46.254798+00","2025-10-22 15:32:46.254798+00"
355,3069,16706,"5098657577","8132883465","denied","2025-10-22 15:31:34.30806+00","2025-10-22 15:34:10.001766+00"
358,3060,16676,"7191029735","1377944646","pending","2025-10-22 16:49:41.423351+00","2025-10-22 16:49:41.423351+00"
360,3003,16401,"7032013638","5515011338","pending","2025-10-22 17:25:21.427311+00","2025-10-22 17:25:21.427311+00"
361,3084,16807,"5647903240","6892367093","approved","2025-10-22 17:25:43.124863+00","2025-10-22 17:34:57.547331+00"
363,3054,16825,"8132334378","1693663815","pending","2025-10-22 17:46:13.153671+00","2025-10-22 17:46:13.153671+00"
359,3060,16656,"7191029735","955679410","approved","2025-10-22 16:51:17.492547+00","2025-10-22 17:47:48.540567+00"
364,3054,16835,"8132334378","5938779438","approved","2025-10-22 17:50:02.838003+00","2025-10-22 17:50:22.494319+00"
357,3009,16458,"8053524660","7419914599","denied","2025-10-22 16:03:11.069171+00","2025-10-22 18:07:52.569845+00"
365,3007,16716,"1152409369","7354157233","approved","2025-10-22 20:08:40.053116+00","2025-10-22 20:14:09.686705+00"
366,3104,16935,"5220371517","7611004087","approved","2025-10-22 20:14:13.137938+00","2025-10-22 20:15:22.719885+00"
367,3088,16942,"8364335411","394844860","pending","2025-10-23 00:31:18.859787+00","2025-10-23 00:31:18.859787+00"
368,3111,16972,"8082950145","6502978838","pending","2025-10-23 03:29:16.907582+00","2025-10-23 03:29:16.907582+00"
362,3006,16797,"7439766390","1492789560","approved","2025-10-22 17:45:05.45374+00","2025-10-23 04:40:53.812453+00"
377,3311,18017,"5014292785","905781541","approved","2025-10-25 12:56:56.676115+00","2025-10-25 13:47:28.802031+00"
371,3174,17357,"5449153474","5145057341","approved","2025-10-23 17:55:43.42078+00","2025-10-23 18:39:53.263795+00"
372,3135,17457,"650706491","1721246718","pending","2025-10-24 07:48:23.117244+00","2025-10-24 07:48:23.117244+00"
373,3284,17907,"5065940875","442993299","pending","2025-10-24 19:05:12.431578+00","2025-10-24 19:05:12.431578+00"
374,3284,17913,"5065940875","1206626259","pending","2025-10-24 19:05:30.494362+00","2025-10-24 19:05:30.494362+00"
375,2756,15090,"7732498367","1642412500","pending","2025-10-25 02:16:18.624259+00","2025-10-25 02:16:18.624259+00"
376,3294,18069,"8179959742","8479883161","approved_no_username","2025-10-25 11:56:57.848868+00","2025-10-25 12:10:04.870297+00"
379,3341,18255,"7569084447","6634362515","approved","2025-10-25 13:42:38.428975+00","2025-10-25 13:42:52.034927+00"
381,3341,18267,"7569084447","5224725107","approved","2025-10-25 14:21:43.820327+00","2025-10-25 14:22:05.593905+00"
380,3341,18259,"7569084447","1461603069","approved","2025-10-25 14:10:47.005186+00","2025-10-25 14:24:54.797333+00"
382,3305,18262,"6692034060","8141527168","approved","2025-10-25 17:09:31.658611+00","2025-10-25 19:19:51.645625+00"
383,3325,18092,"1973712204","1781367090","approved","2025-10-25 18:55:23.969286+00","2025-10-25 19:34:58.860686+00"
395,3472,18999,"863020922","7231257941","approved","2025-10-27 17:21:49.629562+00","2025-10-27 17:23:18.099039+00"
378,3341,18237,"7569084447","6822158458","denied","2025-10-25 13:25:27.495606+00","2025-10-25 20:32:20.53253+00"
384,3033,17388,"7222244857","855984276","approved","2025-10-25 19:59:20.774388+00","2025-10-25 21:05:23.500887+00"
385,3341,18285,"7569084447","8152457962","approved","2025-10-25 20:31:12.967131+00","2025-10-26 04:31:04.669596+00"
387,3325,18077,"1973712204","6392565522","pending","2025-10-26 05:27:44.860513+00","2025-10-26 05:27:44.518863+00"
386,3325,18111,"1973712204","1113003650","approved","2025-10-26 03:26:27.971986+00","2025-10-26 05:53:02.001163+00"
389,3367,18358,"855012860","657241914","pending","2025-10-26 08:19:41.665222+00","2025-10-26 08:19:41.665222+00"
390,3396,18511,"5647903240","6757711595","approved","2025-10-26 12:05:55.109532+00","2025-10-26 12:06:01.180973+00"
391,3433,18729,"7278845008","5655881173","approved","2025-10-26 16:28:01.849909+00","2025-10-26 16:28:31.017586+00"
392,3440,18803,"1164557619","1880763171","approved","2025-10-26 18:06:46.950252+00","2025-10-26 18:34:31.595094+00"
393,3478,19022,"8333529926","6993562534","approved","2025-10-27 16:06:36.881022+00","2025-10-27 16:10:22.628293+00"
394,3472,18994,"863020922","8178595410","approved","2025-10-27 17:21:31.848257+00","2025-10-27 17:25:28.837209+00"
397,3466,19040,"5010994956","7773846469","approved","2025-10-27 17:24:51.059097+00","2025-10-27 17:29:43.330728+00"
398,3472,18996,"863020922","8115373343","approved_no_username","2025-10-27 17:33:06.894334+00","2025-10-27 17:45:34.593658+00"
399,3472,19061,"863020922","8115373343","pending","2025-10-27 18:09:06.044375+00","2025-10-27 18:09:06.044375+00"
396,3472,19045,"863020922","545808504","approved","2025-10-27 17:21:58.839515+00","2025-10-27 18:14:56.593373+00"
400,3454,18869,"1006915047","7681633634","pending","2025-10-27 19:13:22.085709+00","2025-10-27 19:13:22.085709+00"
