"id","confession_id","user_id","status","created_at","reviewed_at"
1,631,"7388700051","rejected","2025-08-15 01:45:52.550673+00","2025-08-15 01:45:58.860861+00"
164,2570,"7724848115","pending","2025-10-16 04:22:08.764111+00",NULL
165,319,"6057366058","pending","2025-10-16 05:08:18.252764+00",NULL
4,174,"7388700051","pending","2025-08-15 07:31:52.339497+00",NULL
5,222,"2125121525","pending","2025-08-15 10:22:17.908348+00",NULL
6,907,"1784827142","pending","2025-08-15 13:59:10.624235+00",NULL
7,1108,"7290942021","pending","2025-08-15 16:12:20.894232+00",NULL
8,1149,"8120746175","pending","2025-08-19 19:06:10.913896+00",NULL
9,649,"7897386358","rejected","2025-08-20 14:28:12.09535+00","2025-08-20 14:28:23.388644+00"
10,153,"1666565021","pending","2025-08-20 14:58:45.709841+00",NULL
168,2403,"1103065697","pending","2025-10-17 05:22:05.436571+00",NULL
171,1783,"6476846167","pending","2025-10-17 17:29:54.104745+00",NULL
16,711,"5933440049","pending","2025-08-22 17:53:33.56304+00",NULL
174,2640,"7724848115","pending","2025-10-17 18:18:20.368788+00",NULL
18,979,"7321547804","pending","2025-08-23 05:08:09.347679+00",NULL
21,104,"7570269180","pending","2025-08-25 17:01:57.238338+00",NULL
23,1224,"7290942021","pending","2025-08-26 17:45:36.101085+00",NULL
25,1187,"5405718080","pending","2025-08-26 19:16:31.39184+00",NULL
26,1259,"7758177630","pending","2025-09-01 08:41:43.698922+00",NULL
27,1041,"7388700051","pending","2025-09-01 12:58:34.025308+00",NULL
175,2721,"7407858484","pending","2025-10-18 12:21:12.66562+00",NULL
30,1160,"5747521170","pending","2025-09-06 15:48:37.508656+00",NULL
31,1158,"5747521170","pending","2025-09-06 15:49:45.644076+00",NULL
32,515,"5747521170","pending","2025-09-06 15:50:07.801339+00",NULL
186,2743,"8034707561","pending","2025-10-18 20:06:18.582162+00",NULL
41,666,"386261453","pending","2025-09-08 21:37:37.31743+00",NULL
43,1444,"1059050464","pending","2025-09-09 19:17:00.079333+00",NULL
187,1506,"949915518","pending","2025-10-18 20:44:46.720123+00",NULL
48,1460,"7736074044","pending","2025-09-10 19:52:05.543597+00",NULL
189,2791,"6999814323","pending","2025-10-19 08:34:54.82192+00",NULL
191,2261,"1794187848","pending","2025-10-19 19:38:41.944553+00",NULL
192,2859,"5298057898","pending","2025-10-19 20:09:25.093783+00",NULL
196,3027,"7436326828","rejected","2025-10-22 08:25:17.475787+00","2025-10-22 08:48:06.177891+00"
213,2022,"6525724910","pending","2025-10-22 20:39:14.80188+00",NULL
222,3088,"8364335411","pending","2025-10-23 01:03:46.030547+00",NULL
225,3001,"653824041","pending","2025-10-24 07:59:21.825697+00",NULL
226,3204,"5269090357","pending","2025-10-24 08:35:42.984316+00",NULL
80,206,"1847533415","pending","2025-09-29 16:31:01.55508+00",NULL
82,1524,"5016284963","pending","2025-09-30 20:10:30.787633+00",NULL
84,856,"5016284963","pending","2025-09-30 20:11:11.106794+00",NULL
88,1056,"684773974","pending","2025-10-01 06:45:19.205198+00",NULL
89,338,"684773974","pending","2025-10-01 06:45:49.678597+00",NULL
90,946,"684773974","pending","2025-10-01 06:46:10.875312+00",NULL
232,3003,"7032013638","pending","2025-10-24 17:17:57.884562+00",NULL
93,1812,"6378224007","pending","2025-10-03 04:27:26.200533+00",NULL
234,2868,"7991022223","pending","2025-10-25 03:42:09.8169+00",NULL
235,3162,"1712195775","pending","2025-10-25 09:45:36.086997+00",NULL
96,1911,"1920073319","pending","2025-10-04 11:14:49.554701+00",NULL
98,1656,"1099537419","pending","2025-10-04 16:42:22.276336+00",NULL
100,1637,"1099537419","pending","2025-10-04 16:42:50.302916+00",NULL
102,384,"5989057878","pending","2025-10-05 08:41:43.250073+00",NULL
106,1996,"1131741322","pending","2025-10-06 16:24:28.147451+00",NULL
107,1401,"6525724910","pending","2025-10-06 19:06:32.821894+00",NULL
239,3453,"8173425852","pending","2025-10-26 21:30:58.506551+00",NULL
137,2287,"7795615574","pending","2025-10-10 16:00:15.457022+00",NULL
145,2479,"7392286168","pending","2025-10-14 09:52:25.876304+00",NULL
151,2573,"6192299992","pending","2025-10-15 11:46:17.737713+00",NULL
155,1452,"7231257941","pending","2025-10-15 18:42:23.958971+00",NULL
