"id","comment_id","reporter_user_id","reported_user_id","status","created_at","reason"
1,177,"407743178","5661591548","pending","2025-06-04 19:32:09.604325+00",NULL
2,261,"8008734645","5661591548","pending","2025-06-04 21:29:39.857326+00",NULL
3,261,"1222542336","5661591548","pending","2025-06-04 21:29:58.44012+00",NULL
4,261,"1922564494","5661591548","pending","2025-06-04 21:32:33.430021+00",NULL
5,269,"8008734645","5661591548","pending","2025-06-04 22:48:19.890318+00",NULL
6,177,"6088735156","5661591548","pending","2025-06-05 02:21:59.744907+00",NULL
7,269,"407743178","5661591548","pending","2025-06-05 05:40:23.619743+00",NULL
8,269,"1784827142","5661591548","pending","2025-06-05 06:38:39.350411+00",NULL
9,129,"5489668146","5763984527","pending","2025-06-05 11:19:06.607535+00",NULL
10,129,"7227544731","5763984527","pending","2025-06-05 12:02:45.992847+00",NULL
11,129,"6378160036","5763984527","pending","2025-06-05 12:35:42.145091+00",NULL
12,129,"1779413068","5763984527","pending","2025-06-05 12:41:22.738836+00",NULL
13,129,"7718910868","5763984527","pending","2025-06-05 12:42:00.860525+00",NULL
14,129,"942101382","5763984527","pending","2025-06-05 12:48:33.154969+00",NULL
15,129,"6561325518","5763984527","pending","2025-06-05 12:59:39.720732+00",NULL
16,324,"1682076648","6094202074","pending","2025-06-05 13:05:40.441448+00",NULL
17,129,"6880713172","5763984527","pending","2025-06-05 13:09:44.037796+00",NULL
18,391,"6305576966","5713614056","pending","2025-06-05 16:06:30.44465+00",NULL
19,205,"1152503968","8054428677","pending","2025-06-05 16:52:21.862411+00",NULL
20,129,"1810028141","5763984527","pending","2025-06-05 18:34:37.098782+00",NULL
21,129,"7965165917","5763984527","pending","2025-06-05 18:34:52.751549+00",NULL
22,532,"989260246","7338885261","pending","2025-06-06 11:45:54.786408+00",NULL
23,596,"5508061924","7681633634","pending","2025-06-06 22:09:54.195917+00",NULL
24,639,"971519099","8054428677","pending","2025-06-07 21:21:32.549383+00",NULL
25,869,"6948892451","6772626550","pending","2025-06-09 19:23:16.81243+00",NULL
26,1126,"5642294294","6040412108","pending","2025-06-11 10:38:16.116803+00",NULL
27,1120,"5642294294","6305576966","pending","2025-06-11 10:38:33.641672+00",NULL
28,1189,"5982675094","6839822722","pending","2025-06-11 20:18:13.982865+00",NULL
29,1310,"476606479","6834002635","pending","2025-06-14 13:56:32.086336+00",NULL
30,1637,"5070852576","7794423025","pending","2025-06-14 14:13:25.040296+00",NULL
31,1637,"7691494441","7794423025","pending","2025-06-14 15:42:00.55544+00",NULL
32,1637,"5372882067","7794423025","pending","2025-06-14 20:33:52.625146+00",NULL
33,1693,"374702266","7681633634","pending","2025-06-14 20:45:12.100076+00",NULL
34,1956,"6834402839","6772626550","pending","2025-06-17 11:33:32.842493+00",NULL
35,1956,"6670787583","6772626550","pending","2025-06-17 15:26:17.712728+00",NULL
36,2078,"1682076648","6847132077","pending","2025-06-18 16:30:29.843754+00",NULL
37,2078,"7531836547","6847132077","pending","2025-06-18 20:02:14.130652+00",NULL
38,2120,"5753929428","1701369533","pending","2025-06-19 08:03:52.942592+00",NULL
39,2045,"6432611911","7840971838","pending","2025-06-19 21:42:53.223699+00",NULL
40,2237,"6066017005","690152859","pending","2025-06-21 05:38:13.479921+00",NULL
41,2348,"8104339826","5224167742","pending","2025-06-21 14:17:15.155282+00",NULL
42,2558,"1812483974","8054428677","pending","2025-06-24 15:45:02.29627+00",NULL
43,2606,"5959249059","5609772200","pending","2025-06-25 13:43:52.816888+00",NULL
44,2558,"6831239623","8054428677","pending","2025-06-26 13:36:44.743395+00",NULL
45,2558,"7792172477","8054428677","pending","2025-06-26 13:37:48.109575+00",NULL
46,3075,"8032777998","2012907470","pending","2025-07-05 12:31:34.353752+00",NULL
47,3077,"6668297418","7388700051","pending","2025-07-05 17:38:31.823484+00",NULL
48,3114,"626068749","1935534344","pending","2025-07-07 11:47:30.49242+00",NULL
49,3254,"7691494441","7338885261","pending","2025-07-09 08:43:28.129119+00",NULL
50,3219,"7691494441","7893959815","pending","2025-07-09 08:43:56.408479+00",NULL
51,3343,"7691494441","2125121525","pending","2025-07-10 18:04:03.896343+00",NULL
52,3416,"6168555857","5354448612","pending","2025-07-12 05:09:42.101401+00",NULL
53,3563,"717205055","1320397494","pending","2025-07-13 10:32:53.501231+00",NULL
54,3580,"6132106762","7758177630","pending","2025-07-13 10:48:13.334923+00",NULL
55,3652,"6422496097","1089008391","pending","2025-07-14 20:04:59.832908+00",NULL
56,3934,"5487465855","7792172477","pending","2025-07-21 03:43:42.345433+00",NULL
57,3934,"410221669","7792172477","pending","2025-07-21 04:52:56.211713+00",NULL
58,3934,"6168555857","7792172477","pending","2025-07-21 05:36:03.637469+00",NULL
59,3934,"717205055","7792172477","pending","2025-07-21 06:53:08.082769+00",NULL
60,4416,"2125121525","796146421","pending","2025-07-30 14:55:08.891265+00",NULL
61,4590,"6571418897","7792172477","pending","2025-08-02 06:45:34.906566+00",NULL
62,4677,"8417118194","2125121525","pending","2025-08-03 10:32:36.999809+00",NULL
63,4685,"6305576966","678175656","pending","2025-08-03 12:26:18.452537+00",NULL
64,4985,"8346547126","838880186","pending","2025-08-10 07:23:50.047391+00",NULL
65,5260,"1130347596","7945889315","pending","2025-08-14 09:40:35.662425+00",NULL
66,5415,"6860255877","5421170729","pending","2025-08-15 11:22:58.77584+00",NULL
67,5430,"6571418897","7897386358","pending","2025-08-15 14:06:58.169663+00",NULL
68,5497,"6305576966","6779463630","pending","2025-08-16 07:43:09.149538+00",NULL
69,5497,"5462530196","6779463630","pending","2025-08-16 08:04:57.194008+00",NULL
70,5588,"5877203475","1416135188","pending","2025-08-16 18:55:02.608104+00",NULL
71,5622,"1666565021","7629883828","pending","2025-08-17 08:31:03.567939+00",NULL
73,5745,"8008734645","5713614056","pending","2025-08-18 08:30:46.315463+00",NULL
74,5917,"5070852576","1940613654","pending","2025-08-20 03:40:48.196253+00",NULL
75,5816,"1111511680","7928364992","pending","2025-08-20 10:41:18.990895+00",NULL
76,5970,"5986399541","8390938158","pending","2025-08-20 19:13:35.423524+00",NULL
77,5999,"7388700051","852303033","pending","2025-08-21 12:15:20.590455+00",NULL
78,6189,"6571418897","7213390613","pending","2025-08-24 07:16:06.937774+00",NULL
79,5970,"424538416","8390938158","pending","2025-08-27 21:09:33.00811+00",NULL
86,6587,"1146030408","7681633634","pending","2025-08-29 11:24:23.969358+00",NULL
87,6587,"758080314","7681633634","pending","2025-08-29 17:13:01.371854+00",NULL
88,6707,"7085119805","6499363352","pending","2025-09-01 09:59:29.556701+00",NULL
89,6767,"7388700051","1112901936","pending","2025-09-02 23:46:08.429164+00",NULL
90,6796,"1205344408","351356603","pending","2025-09-02 23:50:30.992872+00",NULL
91,6930,"1751884518","7914581161","pending","2025-09-05 16:41:22.798052+00",NULL
93,6930,"1423318617","7914581161","pending","2025-09-05 19:29:12.443205+00",NULL
94,6958,"1205344408","7388700051","pending","2025-09-06 11:32:50.351669+00",NULL
95,5260,"1345263378","7945889315","pending","2025-09-06 20:36:19.04963+00",NULL
96,7037,"6821236512","7432150385","pending","2025-09-09 13:54:23.162049+00",NULL
97,7062,"7499038197","6889161700","pending","2025-09-10 19:39:53.650264+00",NULL
149,NULL,"7388700051","7897386358","pending","2025-10-09 07:09:27.422028+00",NULL
151,NULL,"7388700051","1983898804","pending","2025-10-09 19:41:32.614568+00","Inappropriate Profile"
152,NULL,"7647636604","7773846469","pending","2025-10-10 08:13:57.793084+00","Hate speech"
153,NULL,"760648753","1940613654","pending","2025-10-13 11:06:40.153526+00",NULL
154,NULL,"6981232498","1053241387","pending","2025-10-14 06:40:35.790056+00","Harassment"
155,NULL,"989260246","7161181638","pending","2025-10-14 15:53:43.964344+00",NULL
156,NULL,"5014292785","1465944838","pending","2025-10-15 08:14:09.274854+00","Spam"
157,NULL,"922827757","7647636604","pending","2025-10-16 19:09:36.600637+00","Inappropriate Profile"
158,NULL,"7766409683","1164080149","pending","2025-10-17 12:04:16.222048+00","Harassment"
159,NULL,"5799933418","1940613654","pending","2025-10-17 18:20:53.485938+00","Inappropriate Profile"
160,NULL,"1869423366","5014292785","pending","2025-10-19 09:50:07.107621+00",NULL
161,NULL,"422194592","5014292785","pending","2025-10-19 10:53:54.424178+00","Harassment"
162,NULL,"923161634","5014292785","pending","2025-10-21 17:37:58.642878+00","Spam"
163,NULL,"7388700051","5014292785","pending","2025-10-22 09:30:56.192894+00","Harassment"
164,NULL,"6170475301","7231257941","pending","2025-10-23 15:16:03.905305+00","Harassment"
165,NULL,"859504305","5014292785","pending","2025-10-24 07:32:21.906644+00","Spam"
166,NULL,"5799933418","5014292785","pending","2025-10-24 16:17:43.501292+00","Harassment"
167,NULL,"8069652882","5014292785","pending","2025-10-25 11:49:09.411699+00","Spam"
168,NULL,"6041393860","8360713178","pending","2025-10-26 12:20:47.665008+00","Harassment"
